lvl,csa,AP_diameter,RL_diameter,eccentricity,equivalent_diameter,orientation,ratio_minor_major,solidity,symmetry,z_idx
1.0,69.8842828528,8.169510594,11.4051980412,0.696266019171,9.55210074752,-1.10579252341,0.716637053182,0.920865118618,1.0,327.0
1.0,69.9200892846,8.21872082057,11.3281752913,0.687885201818,9.54096041665,-2.23206428038,0.725539419719,0.916645983288,1.0,326.0
1.0,69.9514065279,8.20141659867,11.2556574807,0.684294077657,9.47402181446,-1.45664705128,0.728759213074,0.911124057201,1.0,325.0
1.0,67.9814400701,7.90539517046,11.1118461609,0.700910341842,9.22969365819,3.82923786297,0.711719667556,0.898798049317,1.0,324.0
1.0,68.0066168034,7.48999515661,11.425451132,0.755021618542,9.1492867467,7.7644663012,0.655607415675,0.911234388559,0.997740112994,323.0
1.0,68.0285458236,7.36598159571,11.6812181965,0.7758342959,9.16674225766,7.65662885129,0.630693203511,0.911697567725,1.0,322.0
1.0,68.0474535823,7.29448488089,11.8486237078,0.786509954109,9.19870296288,4.45383485598,0.616325226995,0.941148953784,1.0,321.0
1.0,64.0590600641,7.60374896519,11.3340760768,0.741545350386,9.18779045986,5.31637015309,0.670880929484,0.920193385819,1.0,320.0
1.0,64.0712884875,7.64499421548,11.1851787958,0.729913331432,9.14378077806,6.46412419031,0.683515897115,0.916805800889,0.996433666191,319.0
1.0,64.0820990209,7.72018538,11.1325862133,0.719919837026,9.16098066849,7.17774548415,0.693570148169,0.913513638679,0.993334000001,318.0
1.0,72.1022873238,8.37622274329,11.7676923244,0.70061202151,9.70053111568,10.7728656146,0.712607201444,0.866473590467,0.967228875093,317.0
1.0,68.1041013496,8.28207105477,11.0562293596,0.659712894465,9.36497391221,6.72783841355,0.750060885665,0.890722083082,0.985955786736,316.0
1.0,66.1067166719,7.91781162853,10.9888945137,0.693425329446,9.16699568848,3.58428388903,0.720528495261,0.907216494845,1.0,315.0
1.0,68.1143771684,8.03593061511,11.0944309817,0.68920486096,9.25323702534,7.71245627046,0.724416084338,0.917014218841,0.959487908099,314.0
1.0,68.1174506236,7.98932551176,11.5249560754,0.719494984906,9.35577561067,6.42919040544,0.693766052012,0.864722866175,0.941378008769,313.0
1.0,70.1231366763,7.8719517762,12.0733873934,0.757426963721,9.50762012772,6.86043010815,0.652424593103,0.864926184926,0.908505203534,312.0
1.0,70.1246821449,7.38314746014,12.3683023434,0.801877266177,9.31848032049,6.66565898875,0.597015452111,0.875468975469,0.903234409722,311.0
1.0,72.1291547825,7.74093402847,12.2671713055,0.775560042667,9.5377630174,5.4577929128,0.631146794102,0.865547835536,0.936044044999,310.0
2.0,76.1367574326,7.99423583786,12.2521036684,0.757436979167,9.75549842243,5.46190477281,0.652622269926,0.892939841735,0.954276009031,309.0
2.0,70.1260107632,8.22803193738,11.1466585662,0.672274421859,9.44575640866,8.95339120416,0.739119381665,0.908611451472,0.947663656246,308.0
2.0,68.1222580891,7.88596830092,11.1988062335,0.709757067081,9.2429082237,8.10694663181,0.704291982478,0.896428555607,0.973255643957,307.0
2.0,72.1291668982,7.77486334948,11.8367878593,0.75339827029,9.43490625786,4.70178654803,0.657172462524,0.874505932824,0.967611724717,306.0
2.0,70.1252200956,7.83350066853,11.5502724265,0.734361425572,9.36155849315,5.00871428271,0.678467518476,0.897306244386,0.992462311558,305.0
2.0,68.121251269,7.51678992645,11.4722893846,0.755379094547,9.14544702878,2.42673247117,0.655267974863,0.938510627077,1.0,304.0
2.0,64.1136971985,7.3883337285,11.1439503192,0.748627766866,8.92062058076,1.76503228315,0.662990547955,0.932835820896,1.0,303.0
2.0,66.1167012112,7.22883297414,11.8304978523,0.789739079937,9.06159725399,1.47489823205,0.612148211279,0.889289451213,0.991223498925,302.0
2.0,66.1159809647,6.98300192711,12.1191121795,0.817093268452,8.95594648214,2.00825408085,0.576366457322,0.867721396874,0.976550439513,301.0
2.0,66.114919719,7.07394117275,12.1756823749,0.81357201826,9.05852216784,5.8688917065,0.581255563484,0.869972533614,0.909999121476,300.0
2.0,66.1132173786,7.07537893149,12.3614739025,0.819993099428,9.13220620552,6.38060666606,0.572373406869,0.873333333333,0.909318323952,299.0
2.0,66.1106294599,7.07537893149,12.3614739025,0.819993099428,9.13220620552,6.38060666606,0.572373406869,0.873333333333,0.909318323952,298.0
2.0,66.1067845141,6.87649415259,12.532484937,0.835881254761,9.09725010337,2.29691677425,0.548761135049,0.878388812541,0.981934793465,297.0
2.0,68.1042918773,7.19828550001,12.4661893108,0.815724706473,9.30379967402,3.5531230679,0.577643968053,0.883992793778,0.999950411584,296.0
2.0,66.0939101701,7.5789093038,11.6788806055,0.758254420347,9.23189413772,6.02678987634,0.650306906876,0.885964742444,0.932951659444,295.0
2.0,62.0789113974,7.70871969472,10.8735006032,0.704488264762,9.01511965646,9.01068346022,0.709299839247,0.900543992431,0.897086927254,294.0
2.0,64.0678779281,7.64048488279,11.1746127759,0.728748279876,9.07945985848,8.48006251221,0.684219001841,0.879556922107,0.873086848757,293.0
3.0,64.0499424741,7.85206246566,10.868990474,0.689976693899,9.08301574389,10.6551126229,0.722886411964,0.874137654946,0.921741360247,292.0
3.0,68.0283306945,7.95832274802,11.4082118171,0.713502447021,9.33290994069,1.46199787908,0.698547994545,0.835083526669,0.993259358638,291.0
3.0,67.9972475139,7.32053183861,12.264327892,0.801859522872,9.32190520372,3.21828366513,0.597120408738,0.896087317968,0.963477547918,290.0
3.0,67.963348333,6.92569661925,12.5628746339,0.834299462103,9.21877209182,3.94831922238,0.551278575251,0.900179327522,1.0,289.0
3.0,67.9256103379,7.19483475446,12.4484769658,0.815324692626,9.34396618458,3.99008162186,0.578191565093,0.894227811468,0.993519878385,288.0
3.0,65.8851066583,7.47340842408,11.6305946907,0.763753792866,9.16788095348,3.8974887124,0.6440182622,0.882332415871,0.959472911675,287.0
3.0,59.8532619386,7.56328315168,10.6631122622,0.704912624613,8.84896784948,5.27244057921e-15,0.709294150308,0.904411764706,1.0,286.0
3.0,59.807690416,7.51661654859,10.9209300184,0.724399172437,8.92033733732,-0.513256430174,0.688794433992,0.902945238068,1.0,285.0
3.0,63.7429910495,7.08929230741,11.9377850852,0.803686639528,9.06196769068,2.4883865235,0.594271462477,0.885614863744,0.94707206859,284.0
3.0,63.6880955213,7.14490337394,11.8826568903,0.797675912739,9.05852785328,3.71229167385,0.601941169482,0.879274651625,0.942864672097,283.0
3.0,63.6304551422,7.39122457238,11.0870987914,0.745220320862,8.87883519276,3.91674963881,0.666690914421,0.901749211268,1.0,282.0
3.0,61.5837865326,7.11710570172,11.2919600974,0.775415214085,8.80374715484,3.35722854957,0.630638402394,0.909677895372,1.0,281.0
3.0,63.5116142192,6.95218966534,11.7809544894,0.806933279158,8.9256446061,4.96916157445,0.590253650259,0.930217067288,1.0,280.0
3.0,63.4512495333,7.24915372181,11.5979582914,0.780595078724,9.02703333676,8.07975574561,0.625037057359,0.914285714286,1.0,279.0
3.0,67.3474580786,7.30704686411,11.5387097498,0.773791606101,9.03871276341,3.86131573875,0.633313584878,0.91831138129,1.0,278.0
3.0,67.2767108743,7.43549348717,11.5936689155,0.766906723228,9.14615836972,0.19968065051,0.641427694231,0.922849173122,1.0,277.0
3.0,69.1817096893,8.03282642626,11.5312984852,0.716847347919,9.45371454077,3.81026163795,0.696675837003,0.892834696852,0.988433575677,276.0
3.0,73.0564797455,7.7272523238,11.8627465985,0.757302223517,9.36731692121,0.983769482418,0.651918288131,0.878261833889,0.986120290813,275.0
4.0,65.0884040536,7.39208093079,11.5817471028,0.768992863712,9.14060450983,-0.0796289488393,0.638523369353,0.929297893691,1.0,274.0
4.0,68.959142153,7.54412182273,12.3488214083,0.791579893035,9.47361064246,-0.211029319817,0.611010099023,0.875277778174,0.997055359246,273.0
4.0,74.7903506007,7.74903379205,12.5911030411,0.788019707087,9.67035476345,2.89697087898,0.615495614532,0.877940947941,0.945061084134,272.0
4.0,78.6442096703,8.00261715314,13.0984240409,0.790621637154,10.0576159941,1.6368754656,0.611429638258,0.897360754379,1.0,271.0
4.0,76.5993960126,8.28046865719,12.5478869629,0.751320135712,10.0053424605,-0.00372611859239,0.659923688089,0.878070872544,1.0,270.0
4.0,78.4849565241,7.72323713951,13.0791579295,0.806146591009,9.87621829529,3.1697692243,0.590723140337,0.893303308558,0.960447006618,269.0
4.0,70.5681636791,7.67655035959,12.4170412403,0.785847713517,9.56876341004,8.06410710658,0.618290333217,0.872114610082,0.950509274916,268.0
4.0,74.4194399421,7.56986562174,12.7583063565,0.804637303585,9.62059562899,5.72615837976,0.593422038674,0.878089486455,0.927087859012,267.0
4.0,76.3102389147,8.07271865431,13.0576439906,0.785802106574,10.0637972138,2.7150887549,0.618288246679,0.8889173547,0.992494746322,266.0
4.0,80.1564748841,7.82456988829,13.0450594475,0.799477402413,9.8983560951,1.21434448427,0.600025720428,0.90752124254,0.974575631904,265.0
4.0,78.1402027892,7.93486298372,13.1648147692,0.797861979864,10.0948119502,5.93301152053,0.602800270967,0.927956542767,0.953485793933,264.0
4.0,78.0835477588,7.95305492311,12.8510170136,0.785439061332,9.99445836078,7.35207340791,0.618892262752,0.917130586547,0.936126085939,263.0
4.0,79.9798507584,8.0249996202,12.9114914414,0.783017367985,10.0367223241,5.56725796685,0.621658500795,0.897517150906,0.93699698656,262.0
4.0,81.8794020868,7.9642664113,13.3075974497,0.800733477497,10.168148646,2.05751812965,0.598732896743,0.906918064566,0.997147514262,261.0
4.0,81.8368147353,7.81216649245,13.7411163888,0.822509030985,10.2455257853,2.75811770477,0.568637816642,0.94168955963,1.0,260.0
4.0,81.7973733031,7.89181231549,13.4344135305,0.809269198352,10.2178604513,3.92918927062,0.587432609233,0.93535677284,1.0,259.0
4.0,83.7040462454,8.13813461714,13.6559204482,0.8027105458,10.4635481031,2.35141924949,0.595997123025,0.944232772121,1.0,258.0
4.0,83.6623877973,8.16973630152,13.1769171622,0.784552527394,10.2876389413,1.79511469543,0.620022397072,0.91806918778,1.0,257.0
5.0,85.564593742,7.83923035852,13.6481396098,0.81828260791,10.2431361617,0.846663894833,0.574494038975,0.941025415644,1.0,256.0
5.0,83.5767037543,7.80318944285,13.4995404404,0.816004248669,10.1813648372,4.4617331006,0.578040248782,0.934912439205,1.0,255.0
5.0,83.5326564895,8.11313945621,13.5394340538,0.800235135157,10.3844379167,6.33416755354,0.599311753366,0.924234889459,1.0,254.0
5.0,83.4877910187,8.13256784389,13.0493278045,0.781967085493,10.2071108989,3.35301612795,0.623277112523,0.911304958947,1.0,253.0
5.0,85.3799830855,7.89673715799,13.4381786976,0.808832076279,10.2121806935,6.42095893774,0.587701488284,0.934008655819,1.0,252.0
5.0,81.4510272882,8.54002759659,12.8995805526,0.747931076627,10.3491912874,3.15409339812,0.662560300873,0.914648478744,1.0,251.0
5.0,79.4664424462,8.64538043072,12.8901817046,0.741415599462,10.4358390847,2.6216354722,0.670741753154,0.916560532369,1.0,250.0
5.0,87.1686692493,8.43686250469,13.0680809412,0.76255858306,10.3951239537,5.27310895976,0.646179411893,0.919578271755,0.996,249.0
5.0,92.9249655409,8.11056643002,13.431982787,0.797012257222,10.346166572,2.7275050507,0.60380032736,0.940293924879,1.0,248.0
5.0,83.1951690974,8.49819030663,13.404804155,0.773116159348,10.5780162839,1.04848741617,0.634042355595,0.912331497365,0.997361477573,247.0
5.0,85.0748109082,8.43794599413,13.6524159551,0.78556586795,10.6306773275,-1.42085230024,0.618097862633,0.914065362855,1.0,246.0
5.0,86.9508920572,7.68708848093,13.8769492837,0.832350617849,10.2188341001,0.19289954893,0.553883590615,0.912888300216,1.0,245.0
5.0,83.0334591817,7.86536003342,13.8840231276,0.823991669934,10.3441992978,2.71022049245,0.566550995813,0.926064061814,1.0,244.0
5.0,82.9795752979,8.04435357723,13.6666193039,0.806983272329,10.3713061134,4.8969848533,0.589049557001,0.910772688294,1.0,243.0
5.0,80.9962626385,7.49170166914,13.6452544751,0.835699291879,9.98383095963,3.65418299462,0.54912333427,0.911628459063,1.0,242.0
5.0,77.0874022805,7.84054368429,13.8957796595,0.825240355136,10.3319833309,-0.00139463952916,0.564297232398,0.924680007119,1.0,241.0
5.0,80.8832249514,7.58727441719,13.2341701063,0.819173079077,9.89327293048,0.527741522333,0.573424503537,0.908449567116,1.0,240.0
6.0,76.9748749989,7.64476196758,13.0315309821,0.809591556471,9.86893228966,1.81628877862,0.586786106567,0.923519192456,1.0,239.0
6.0,71.1511338499,7.87798745279,12.967996283,0.794071325768,9.97246128181,2.73999071195,0.607509949146,0.920903754851,1.0,238.0
6.0,74.9428713176,7.48835718511,12.5589188729,0.801708556246,9.57941274583,5.84327297848,0.597026335491,0.900907093503,0.987685330966,237.0
6.0,74.8876848629,7.80269425158,12.5196851414,0.780358121573,9.73537607537,3.4176406206,0.62372355051,0.903047870571,0.990045242749,236.0
6.0,72.9097476716,7.54022279162,12.6872562877,0.803120079376,9.61576930672,1.68949004394,0.594797643578,0.90590755317,0.98071431299,235.0
6.0,70.9338680387,7.73477761338,12.5911006884,0.788924500795,9.7551547477,5.64382848276,0.614380051015,0.911189604595,0.992556812615,234.0
6.0,70.8787548135,7.44180992958,12.0912233874,0.787770898272,9.32749820379,3.69270813759,0.615625309205,0.875504923647,0.965984093763,233.0
6.0,70.8227677184,7.30772804832,12.5795315675,0.813155526529,9.34367677504,3.80763951029,0.581469184654,0.861302889338,0.946254449274,232.0
6.0,66.9385335962,7.55641827397,12.0079410197,0.776580057835,9.29470220383,4.38721485606,0.629391305519,0.855647535715,0.935939641111,231.0
6.0,59.2395510996,7.1101675177,11.1191061519,0.768642801922,8.73891343467,9.75161065508,0.639428830505,0.897605164923,0.949453700154,230.0
6.0,61.103523374,7.13046590851,11.2663194932,0.773549152718,8.81093436324,8.64635062514,0.632944802058,0.890339344986,0.965812901988,229.0
6.0,64.8707640288,7.21444745358,11.0770123617,0.755976043031,8.79287721973,7.12421823319,0.652100923916,0.900064146505,0.949787209263,228.0
6.0,61.0070917346,6.63857753438,11.679308425,0.822499103674,8.73313167518,5.04333583222,0.568409196947,0.931882180813,1.0,227.0
6.0,59.0577136109,7.03722581324,11.6192017863,0.795459287877,8.97248554805,1.94642448362,0.605650973836,0.94219439489,1.0,226.0
6.0,59.0157147472,6.77212941575,11.5261357381,0.808931089243,8.75530270056,-2.32544990828,0.587613616682,0.928125491925,1.0,225.0
6.0,55.1677354356,6.62825610868,11.2459807246,0.807708420728,8.51505553922,0.314921278,0.58944146963,0.892737716086,1.0,224.0
6.0,57.029166074,6.82541395673,11.1266514967,0.789279204136,8.56986684201,3.22328598906,0.613434990434,0.910989756344,1.0,223.0
7.0,53.1919630166,6.70992481966,10.8306071424,0.784637864302,8.36146724434,-0.977740401779,0.619602639029,0.894165992731,1.0,222.0
7.0,53.1557161357,6.28683894133,11.0596957668,0.821873283046,8.1975702777,2.33364344666,0.568810812427,0.897895363103,1.0,221.0
7.0,56.9147562041,6.56656611211,11.335840557,0.814448261855,8.49376458806,1.7515567485,0.579520144512,0.90025030925,0.996871313209,220.0
7.0,54.9839410689,6.51202411607,11.0162460388,0.806015439626,8.30126762277,1.16876670362,0.591365846616,0.887412231968,1.0,219.0
7.0,51.1598047796,6.22165990215,11.1727836134,0.829692254946,8.21405652803,1.73011456302,0.557276798061,0.903487313669,1.0,218.0
7.0,54.9158881677,6.47207855211,10.9219119033,0.805120634827,8.26458628951,4.43730547146,0.592600184976,0.896204909961,1.0,217.0
7.0,51.0998738474,6.18382131006,10.70702544,0.815936301718,7.97197016518,4.81490445615,0.577698675435,0.874573527505,0.996928683171,216.0
7.0,49.1789619755,5.93854959204,11.1301950789,0.845356392427,8.0431625613,3.86526105841,0.533727094884,0.918482750201,1.0,215.0
7.0,49.151469878,5.87574503193,10.994995347,0.844723128501,7.8979561384,4.76405875765,0.534916619823,0.897221620312,0.956457030461,214.0
7.0,49.1248188412,6.06058522922,10.4701199324,0.814845297425,7.74899595158,3.6715845244,0.579103288536,0.858336266794,0.961199637883,213.0
7.0,47.2105179523,6.36912063898,9.97706016247,0.767572475289,7.77492936269,6.43676528116,0.639117641466,0.863560601392,0.942921774222,212.0
7.0,47.1876183347,6.19339141913,9.55435853881,0.761035434985,7.50491347866,5.01444853416,0.648120187102,0.90860982176,0.997170222029,211.0
7.0,43.3909902156,6.42621448386,9.17567284456,0.712808509409,7.51945856011,5.11786795258,0.700485842634,0.951955552745,0.995052942796,210.0
7.0,45.2555925641,6.67964570809,9.01574692462,0.670410960975,7.61136758661,8.71616905944,0.740741522384,0.929244411683,0.975352262842,209.0
7.0,49.0049243484,6.37334558059,9.08077354911,0.712155754234,7.47273773018,0.946877073744,0.701884142667,0.914028299272,1.0,208.0
7.0,45.2144174538,6.39245933915,9.41984778134,0.733370167441,7.63770244642,-0.807729511735,0.678701464329,0.958053204569,1.0,207.0
7.0,45.193961187,6.55271064712,9.256067261,0.704729603671,7.66213876581,4.415033904,0.70809537264,0.893149549422,0.991960532691,206.0
8.0,41.4094209816,6.29753214649,9.33939060998,0.738389565865,7.54727928397,-3.62021553911,0.674260387546,0.912347097259,1.0,205.0
8.0,43.2727580086,5.87351706599,9.4964158472,0.78427563033,7.37611585685,3.36348569455,0.619033664626,0.926698550796,1.0,204.0
8.0,43.2543126499,6.13245875733,9.84163649165,0.781487795459,7.67969435997,5.02897132441,0.623209737081,0.939130434783,1.0,203.0
8.0,46.9962736222,6.3617073445,9.54739323939,0.743458795173,7.64891087656,-2.74863640801,0.666915246294,0.90751615376,1.0,202.0
8.0,43.2205073252,5.9483337008,9.86595854126,0.797148097191,7.56425566478,4.90168949288,0.602947461732,0.941631505629,1.0,201.0
8.0,43.2043824396,5.90728169901,9.6407352856,0.790039067388,7.40920653467,3.53244425761,0.612555407029,0.925199529349,1.0,200.0
8.0,45.0669125718,6.41774641338,9.46878149041,0.731281659787,7.63522705224,-5.06498456499,0.678954525014,0.911400734827,1.0,199.0
8.0,46.929157909,6.07114502567,9.80362736138,0.784692550033,7.62013565364,5.05016021767,0.619229778662,0.948032234917,1.0,198.0
8.0,45.0380684609,6.27105113577,9.6044853674,0.756467496192,7.6209279266,-0.382068633913,0.653387366252,0.917104438665,1.0,197.0
8.0,46.9012875116,6.0844341041,9.80994474207,0.783981600139,7.63074617327,-3.80802693974,0.62019493844,0.941903765057,1.0,196.0
8.0,46.8890486331,6.42555794527,9.5215733493,0.735066559055,7.66320802616,-2.9165766335,0.67570245145,0.906824544622,1.0,195.0
8.0,41.2531403538,6.47053634081,9.7189002521,0.745494683737,7.82720541213,-7.5793986895,0.665854780742,0.924899613685,1.0,194.0
8.0,46.8687212063,5.89976356194,9.44296402053,0.780023549109,7.35372256946,-2.52513446127,0.624784321839,0.917859605213,1.0,193.0
8.0,43.111308663,6.21270042873,9.51748249681,0.756956254303,7.53691976344,-3.83263043643,0.652985079294,0.913101304027,1.0,192.0
8.0,41.2305066876,5.93528631774,9.60559313404,0.785638354498,7.48665495696,-0.524239157328,0.617917973287,0.930453538932,1.0,191.0
8.0,44.973016202,6.01295531009,9.65469258104,0.781841291783,7.55485573088,-0.167908014455,0.622976121753,0.933269765744,1.0,190.0
8.0,44.9686409019,6.35123815262,9.7983834709,0.760374519851,7.77283897472,-6.06783577345,0.648567495146,0.926948985825,1.0,189.0
8.0,43.0920182373,5.95676584739,9.69330505157,0.788039936901,7.48920802091,-6.72401578217,0.61457853131,0.931917897609,1.0,188.0
8.0,44.9639257575,6.1590483521,9.51691174992,0.760707636032,7.48420229265,-0.439081862123,0.647675984755,0.93066468254,1.0,187.0
9.0,43.0901515365,6.48053075057,9.7426967193,0.745213090307,7.84055721698,-8.18403706224,0.665454353004,0.928470126334,1.0,186.0
9.0,46.8382115265,5.91622566035,9.67899936001,0.790538035932,7.45223216927,-8.0223971412,0.611524877716,0.929254665357,0.981949458484,185.0
9.0,44.9672020566,6.3291363223,9.47955064761,0.743828672934,7.58440094632,-5.55373722596,0.667755394793,0.908617498921,1.0,184.0
9.0,46.8449484369,6.41057898669,9.72811153294,0.749974923985,7.78508042387,-7.24342001304,0.659324708374,0.916435143318,1.0,183.0
9.0,46.8506249189,6.63690597959,9.40937135583,0.70173435336,7.75557288207,1.29475555385,0.707233116775,0.905485093671,1.0,182.0
9.0,46.8578231063,6.32939950919,9.46985642977,0.742667436248,7.59793581112,-4.7334007206,0.668850814326,0.903188960973,1.0,181.0
9.0,46.866613974,6.44581528014,9.8070672497,0.75300110305,7.79626843905,1.28726497205,0.657295598865,0.931156832616,1.0,180.0
9.0,46.8769511384,6.31232235377,9.54046767348,0.748767387144,7.61012356539,-3.36203865732,0.661875388835,0.894382658184,1.0,179.0
9.0,45.0133458422,6.39637277811,9.72796742007,0.752142353263,7.77533246511,-7.89649846202,0.657685946332,0.917302860787,1.0,178.0
9.0,46.9024153818,6.61082895145,9.58176421603,0.719098228504,7.79244928307,-0.912777502269,0.690973424026,0.928989296429,1.0,177.0
9.0,45.0408083286,6.3877518043,9.35513784629,0.729854878404,7.5783219958,-3.21045612501,0.682823451306,0.897957146079,1.0,176.0
9.0,45.0566389439,6.59263864549,9.52032566088,0.718329934983,7.76419097121,2.7782623049,0.692908799631,0.931953701892,1.0,175.0
9.0,46.9509200887,6.79952615854,9.53168423375,0.698492136018,7.94028287994,6.81733957155,0.713597202425,0.92154910698,0.989165211282,174.0
9.0,45.0913375467,6.54395903879,9.30109993572,0.708766113648,7.65933617008,-2.38267296904,0.704009150555,0.904206504181,1.0,173.0
9.0,46.9907150648,6.57439811111,9.37590337035,0.712244372939,7.69048265996,2.67260201774,0.701377579343,0.930749838292,0.993694385844,172.0
9.0,47.0126725063,6.69076802922,9.07205686357,0.673226231646,7.7035392029,6.46258453471,0.737874747532,0.930899677804,1.0,171.0
9.0,47.0359487074,6.7231137967,8.84594611436,0.649329883029,7.5728970631,-5.35689978172,0.76015982358,0.913056683675,1.0,170.0
9.0,47.0592348695,6.91313016203,8.83741683062,0.620642933798,7.64163990668,-1.71609939893,0.782550161581,0.911981363395,1.0,169.0
10.0,48.9685021929,6.50084173356,8.80306423708,0.673376279296,7.42325293762,-4.88768946625,0.738506002496,0.910643999483,1.0,168.0
10.0,45.2277313548,7.16808646904,8.75497901342,0.572621603991,7.76238457777,4.47826559731,0.818804833852,0.919958153835,0.990983755991,167.0
10.0,47.1406245762,7.45893044421,8.74700845641,0.517333352158,7.92410256249,-12.1235321479,0.8531242967,0.907976160124,0.98158211559,166.0
10.0,47.1702359194,6.54536891191,8.9578902623,0.682627889957,7.50375712386,-4.50078707351,0.730622675066,0.908669637676,0.998602009611,165.0
10.0,45.3114329049,6.81821537582,9.31616165551,0.680442342095,7.76991428558,-4.43177740584,0.732094234446,0.893358678688,1.0,164.0
10.0,47.2313558155,6.92435578314,9.50254333809,0.684001006924,7.90775064071,-2.97351396472,0.728811292253,0.913090420859,1.0,163.0
10.0,47.2644183925,6.74298092548,9.19186224542,0.678947698182,7.7040999614,-1.17578571017,0.733636397141,0.890178042187,1.0,162.0
10.0,47.298607864,6.9587936129,8.99655834872,0.62977256404,7.68348392481,2.95772703308,0.774652709397,0.883206252845,0.998580606604,161.0
10.0,41.6537812022,7.3370584248,8.35050821601,0.469823788247,7.54754785883,-5.13001962019,0.879026754188,0.858658353556,0.934367027665,160.0
10.0,45.4734550868,7.11735985836,8.61083963601,0.557933077465,7.57563323213,-14.5438030791,0.827242073387,0.872572138124,0.962306897602,159.0
10.0,43.6129722507,7.157286698,7.95815674643,0.44894613318,7.33778813822,14.6740923741,0.887105231258,0.855155141688,0.942087431208,158.0
10.0,39.8525858064,7.48589698179,7.66260538949,0.353565168316,7.46589545015,32.6263949613,0.930781448448,0.928503400449,0.974762964924,157.0
10.0,41.7828773909,7.26092098989,7.8934869621,0.379182953005,7.40956742087,-8.14096994225,0.920274057919,0.956627210295,0.995080266208,156.0
10.0,39.9171652228,6.83559021479,7.89284155091,0.499544443764,7.21734704274,-1.88147951482e-15,0.865998929725,0.956996434938,1.0,155.0
10.0,41.8537895815,7.34409845829,7.71378020327,0.320431182216,7.42225468641,19.3975599527,0.942845433814,0.937141524886,0.988167020261,154.0
10.0,43.7923615617,7.74790345222,7.22576916008,0.546010360363,7.31130886064,-50.6775243868,0.837363844048,0.913198137934,0.877583230647,153.0
10.0,40.0178616044,7.36743455095,7.15209063834,0.23400269501,7.15838894489,-55.9169359501,0.970964603142,0.92255043492,0.986198112869,152.0
10.0,43.8684659427,7.52030300554,7.22220770929,0.346969150638,7.26732379024,28.5337701645,0.93528881132,0.936814085889,0.972119724129,151.0
10.0,43.9084052377,7.49977346548,7.29247537489,0.371275757925,7.28972900894,46.310535637,0.926354381268,0.944059818112,0.951111840424,150.0
10.0,40.1247602627,6.85875385069,7.32360590696,0.349078923394,6.96681413737,5.16140342211,0.936475399055,0.954006238176,1.0,149.0
10.0,42.0719212558,7.54833637086,7.08989503826,0.524784544882,7.19881995724,-46.6566431289,0.848790594264,0.967493620299,0.903605761882,148.0
10.0,40.1925981968,7.56349366504,7.22129240407,0.366737942989,7.29646462299,-42.670385579,0.924540579844,0.944134817207,0.970868498844,147.0
10.0,40.2222958523,7.60109888282,7.10770149668,0.346666248492,7.27176521384,-53.0019301165,0.935791854426,0.938803668858,0.988086062942,146.0
11.0,42.1671949345,7.68304882467,7.32574673464,0.414852516145,7.36243277573,-53.650091472,0.908497816769,0.978982314567,0.945995332491,145.0
11.0,42.1967423948,6.9947645593,7.30813222007,0.288062554966,7.0386809178,9.31151529966e-15,0.957055123546,0.978924882446,1.0,144.0
11.0,38.3860852284,7.57912108038,7.14622621239,0.305721017626,7.27894354917,-43.9866716385,0.943524297923,0.941489835534,0.985504809111,143.0
11.0,38.408832443,7.19599788149,7.27911520821,0.267826012596,7.12385701627,45.0,0.962460927872,0.952166773756,0.946428571429,142.0
11.0,42.2733727416,6.55792588659,7.10019194426,0.381515175227,6.74869525483,-3.47613244025,0.923379669613,0.9403387091,1.0,141.0
11.0,36.5281073875,7.73751009576,7.13769842448,0.347621452167,7.34601334681,-2.72864064399,0.923774902971,0.940371985904,0.979800181653,140.0
11.0,38.4707844686,7.49543952906,6.88050647189,0.393338129962,7.08395355551,39.8670520616,0.918030867677,0.921957511779,0.950663936301,139.0
11.0,38.4896759358,7.02651747482,7.17866794512,0.413248002077,7.0031972791,-44.1820905907,0.906772122651,0.945648980036,0.93345237361,138.0
11.0,38.5064161526,6.67194323122,7.28015417698,0.434331243934,6.87379024988,-32.9266744427,0.898602282542,0.939652439171,0.942739465921,137.0
11.0,38.5220638281,7.21596222543,6.86490481517,0.30401626112,6.88477535174,-35.5660386874,0.951676843355,0.897149571456,0.980059509778,136.0
11.0,38.536639664,6.7600008736,7.21601812932,0.360630933558,6.84641436509,-29.3142352352,0.928431384139,0.929322547245,0.945502453741,135.0
11.0,36.6233292041,7.49053451382,6.80522333853,0.484800357735,6.95185233325,-52.7862935048,0.874466328626,0.910119519996,0.875993601943,134.0
11.0,40.4921679486,7.44814211714,6.67942733867,0.440422190404,6.87458716404,-57.3402918367,0.896857360759,0.882146699276,0.913233492056,133.0
11.0,36.6465495857,7.29990856692,6.93298862477,0.382766823264,6.9783315711,-49.8865070436,0.921698142717,0.893069161406,0.926261258458,132.0
11.0,38.5856479108,6.63837377106,7.67345144353,0.493140034853,7.0120704165,-20.927010802,0.865579843718,0.922504388616,0.951742487761,131.0
11.0,38.5949749971,6.94252007987,7.57403091984,0.391183789417,7.04930467358,4.49337174538,0.916757437758,0.876312900817,0.98869955157,130.0
11.0,38.6037258205,6.57408616235,7.78623397812,0.532982667555,6.99825498061,2.11835561056,0.844238028722,0.921099859938,0.975173572416,129.0
11.0,36.6808154059,6.65229760541,7.90460192235,0.538490023,7.13134846355,-19.9136195327,0.841447057879,0.931921851009,0.962134956721,128.0
11.0,40.5484868518,6.8956763384,7.9615579507,0.498143601851,7.22421907644,-33.4934380312,0.866381408899,0.904341686446,0.895395177683,127.0
12.0,40.5539700854,6.83404672354,7.85823696222,0.491747028725,7.21809984402,-19.8313054023,0.869306026553,0.938753158873,0.979071262386,126.0
12.0,34.7643410982,6.50020283036,7.40183716488,0.476379354635,6.79757265002,-13.4237319955,0.878361897307,0.91212039345,0.98004643207,125.0
12.0,38.6302494021,6.61620856761,7.55694679301,0.481005353224,6.95538226295,-34.621460741,0.875630020459,0.94426655979,0.929733108728,124.0
12.0,40.5641349708,7.12944301006,7.55876971354,0.412910973293,7.18787474113,-38.2485315242,0.908769427061,0.980807020348,0.936883578678,123.0
12.0,40.5653132791,6.50895759032,7.44121021713,0.474289988608,6.82236054188,-23.7223020409,0.874952645609,0.915373663227,0.942539211618,122.0
12.0,40.5652787496,6.52805600118,8.86413040015,0.675538073109,7.38324899828,-10.1798006822,0.736450757188,0.872493085502,0.934769594475,121.0
12.0,40.5649581725,6.61512265301,8.66005824051,0.64428573832,7.34737548611,-3.01910522034,0.764180644904,0.87151853328,0.96404838532,120.0
12.0,40.5668635836,6.71327119837,8.69869943949,0.634209696281,7.39097095147,-0.295436169345,0.772197807266,0.870828187656,0.97051168378,119.0
12.0,38.639515434,5.87840998033,8.08737913701,0.683686455458,6.6776257087,-0.511489827818,0.727687506595,0.848326305506,0.962172938389,118.0
12.0,34.7823308277,6.76439164141,7.21054666591,0.369803050769,6.84775189755,-33.7946561254,0.920661613146,0.91924007653,0.93639356131,117.0
12.0,40.5903009076,6.18032988539,8.12131084715,0.64408523858,6.89407552295,-10.7480778922,0.762031993866,0.867395481626,0.90528495575,116.0
12.0,34.802995781,6.85658848132,6.97254355998,0.265277105733,6.7614870216,29.1180147088,0.961092767357,0.920263442893,0.944976786094,115.0
12.0,36.7508987749,6.59645878133,7.93228602386,0.548006588297,6.97909129858,-15.9548671789,0.833133844833,0.855065566558,0.898063775095,114.0
12.0,38.7028716818,6.37893572239,8.38906403655,0.645898926226,7.13010691063,-8.36995467591,0.76149929313,0.88337066433,0.961145691463,113.0
12.0,42.5953902973,6.35771313742,8.50403884118,0.659983926442,7.18671029397,-8.85110936218,0.748654823443,0.880367852097,0.985983890821,112.0
12.0,42.6202840491,5.87837698186,8.71471624663,0.732826834665,7.05026171957,-6.37962431047,0.675033890405,0.910351586692,0.989246072896,111.0
12.0,38.772149617,6.33631099926,8.66348646034,0.681284120505,7.22709743007,-10.5654422693,0.731355873426,0.895292638732,0.945195056606,110.0
12.0,38.8010067748,6.15574246922,8.6426024391,0.701410157675,7.11685407627,-9.35155087254,0.712434084589,0.8906248128,0.962689010061,109.0
12.0,38.8305148762,5.64380323892,8.42720248063,0.739600269306,6.56943152365,-18.2932143951,0.670036531675,0.837607320415,0.804962319915,108.0
12.0,31.089578177,5.25910912977,8.35926955463,0.777178794524,6.3337122416,-17.837289833,0.628891333361,0.835989336135,0.773451430575,107.0
12.0,35.0057081231,5.78733790725,9.08071800303,0.769965851765,7.08270435951,-10.4912728334,0.637384878286,0.889871239871,0.908814312219,106.0
12.0,40.8766368703,5.76334958631,9.05231230441,0.76696396447,7.05844086887,-7.21811814715,0.637509896554,0.890258292783,0.978358490904,105.0
13.0,44.8114754306,6.48070918334,9.10818468057,0.70119548208,7.50555237056,-4.39522584313,0.711995512002,0.884484245283,1.0,104.0
13.0,40.9543718682,6.36127849586,9.21090291452,0.72286094751,7.43123933821,-1.86864693748,0.690689237043,0.883333333333,1.0,103.0
13.0,40.9950831813,6.32475547364,9.2069749076,0.726365071837,7.42024076746,-3.68389651963,0.687000052602,0.891033612519,0.992661686135,102.0
13.0,42.9933611364,6.33335379773,9.13147610701,0.715842737374,7.45625540296,-6.33920749051,0.694935860562,0.891185942034,0.98198286624,101.0
13.0,41.0839602419,6.6956404332,8.81470931087,0.64995998546,7.50219770374,-4.57873348223,0.759757267569,0.886306911479,0.942297666774,100.0
13.0,41.1270188083,6.33045451152,8.9231807823,0.704083062888,7.30984191663,-2.75265651414,0.709348742608,0.879890544034,0.991879255801,99.0
13.0,37.2494256843,5.80240642968,8.76182982985,0.748549296958,6.90867015022,-5.59014344883,0.662203234995,0.872577265584,0.927747810858,98.0
13.0,37.2888199647,5.78384260522,9.39451431826,0.787213658411,7.25366420449,-4.28969978974,0.615853908767,0.9203315714,0.993381468111,97.0
13.0,37.328167085,5.55281770257,9.0932613429,0.790779908518,6.9884561581,-1.87629893055,0.611417032171,0.900769874408,1.0,96.0
13.0,35.4005962593,5.72491968481,8.21794663898,0.715014979869,6.59367408827,-2.60467350962,0.697263505708,0.830507834069,0.985892116183,95.0
13.0,33.4681276648,5.37267166269,8.86710817442,0.793578367221,6.69839581133,-5.40889272087,0.606397725005,0.860160672661,0.968831434697,94.0
13.0,33.5003210353,5.07802941599,8.93258438001,0.822545200841,6.54660951179,-8.55096816606,0.568603900962,0.865872360878,0.919114700024,93.0
13.0,35.5028098996,5.63526198608,8.79992123655,0.760505749713,6.84921020437,-6.30666897176,0.642386488206,0.878102965666,0.882616780014,92.0
13.0,35.5326756326,5.33230581364,9.07002137953,0.808309588452,6.81479622116,2.35670432795,0.587929817828,0.888888389219,0.997055359246,91.0
13.0,35.560695261,5.45628239552,8.53321323549,0.761650648451,6.57388080794,2.64182072261,0.642396918009,0.841971388813,0.988677543042,90.0
13.0,33.6099657391,5.88845371971,7.44102255398,0.610511098001,6.38283670102,13.8177508989,0.791597151032,0.861084478534,0.941128151602,89.0
13.0,31.6549293147,6.0712304997,7.52121650895,0.586300252711,6.39081863764,22.2238797555,0.806799766261,0.828258657702,0.84113281503,88.0
13.0,35.6338837419,6.55067907099,8.33008266734,0.610219139359,6.65928414995,5.46498958419,0.787756460337,0.78891438968,0.809859448582,87.0
13.0,33.6739578608,6.26060814516,8.62334257427,0.686561302884,6.76900979303,5.92515952482,0.726274482649,0.831288863731,0.912046498819,86.0
13.0,37.6577025305,6.54247492575,7.85464516905,0.539940821118,6.70957510999,14.6414747848,0.833467415907,0.813351829965,0.884974748863,85.0
14.0,41.6447750059,7.76132480882,7.20987317633,0.400806521177,6.96234055989,61.0357575564,0.913950442376,0.795535341845,0.776732738353,84.0
14.0,47.6190276029,7.86772431653,7.64718808348,0.347258744565,7.43612051804,41.8504152513,0.933296995887,0.851169956165,0.877112847872,83.0
14.0,43.6724923394,8.27554850092,7.80281259063,0.424287829784,7.71066498424,56.7442133684,0.903631452001,0.83732258324,0.926002621078,82.0
14.0,41.7070406169,7.11363210691,7.90411695005,0.432599503354,7.27629525322,-19.5258452669,0.900302348696,0.852991452991,0.94657929802,81.0
14.0,41.7257010636,7.05235211346,7.88325023134,0.428778463361,7.23237234701,-22.0023016062,0.896425781724,0.843573717949,0.947668919809,80.0
14.0,35.7800738276,6.38705712255,8.49112497778,0.65447024814,7.13511079533,-3.69436929663,0.752046966561,0.884583938698,0.952136299838,79.0
14.0,35.7944975879,5.81326652681,8.43990846009,0.724864893102,6.77017919804,2.20871594538,0.688824789887,0.867460201548,1.0,78.0
14.0,37.7975399448,5.99809453923,8.21095092238,0.68110928565,6.74627294516,8.24840854624,0.730842231291,0.874000912906,0.915650314501,77.0
14.0,33.8311335395,5.65522894191,8.3674191017,0.735456066724,6.57111847769,0.916087998469,0.676336619255,0.885728158671,0.927337915818,76.0
14.0,35.8335373358,5.54328213837,8.89452364249,0.78149945598,6.87197342769,1.87063455825,0.623261766262,0.909274323829,1.0,75.0
14.0,35.844598001,5.52100596607,8.46578065358,0.757574384316,6.68665511794,-6.49451117571,0.652196788097,0.893792476162,0.933240035598,74.0
14.0,33.8631401811,5.33783507962,8.44450340338,0.774448788368,6.55434143795,-10.8265517635,0.632142408962,0.883221115502,0.890007968495,73.0
14.0,37.8581305751,5.48946102634,8.67876400332,0.773934919548,6.79334896415,-5.72160384195,0.632667358248,0.907305149269,0.995555555556,72.0
14.0,39.8616550647,5.90021985305,8.81262386195,0.741152668604,7.0826833368,-6.08326036622,0.669713667036,0.917750747087,0.990633124868,71.0
14.0,37.8783649481,5.79924319341,8.83680939078,0.752843800232,7.06804258682,-6.19283663151,0.656449113279,0.918701997113,0.988764044944,70.0
14.0,37.8875037353,5.46576588714,8.6407443832,0.774432592525,6.75968244717,-0.497933002701,0.63260899045,0.907755425198,0.996240601504,69.0
14.0,35.9014531928,5.82885292723,8.07864058891,0.688700317,6.62702198571,4.29677853557,0.722101407156,0.872733568393,0.972102442656,68.0
14.0,33.9139020321,5.97070414973,8.07428882713,0.670595511311,6.53379631502,2.91058483697,0.739954731169,0.844336835441,0.958566219207,67.0
14.0,33.9199148025,5.23881821937,9.07548951418,0.814751655869,6.79694594971,4.91533301775,0.577905711058,0.931181181844,1.0,66.0
14.0,37.9165578282,5.35657986439,9.14437100893,0.809077406783,6.8629298721,0.317123367592,0.586284366748,0.928151168318,1.0,65.0
14.0,37.922242486,5.44625926857,8.94897555204,0.793365439217,6.80897882056,-1.42259719471,0.60862516967,0.908427951629,1.0,64.0
14.0,35.9309616296,5.27327874904,8.99543239069,0.810137892848,6.62351116348,1.98343438359,0.586230219816,0.882563694268,1.0,63.0
14.0,33.9384276779,5.17640631463,8.81769415596,0.80953616475,6.52593812027,2.48554526475,0.58703526577,0.883760155422,1.0,62.0
14.0,35.9385532804,5.74070527677,8.05981922489,0.69554321459,6.58978177635,1.13850624546,0.713554115254,0.855380706499,0.990989748112,61.0
15.0,31.9494247173,5.27412235401,8.08495491806,0.75120433445,6.345936691,8.15416353742,0.65336556305,0.860445748185,0.924692601906,60.0
15.0,29.9571232413,4.9518432918,7.8466255384,0.772985147552,6.08451114553,9.09957096345,0.632006988665,0.867763050903,0.949910116109,59.0
15.0,35.9545181299,5.92145740497,7.9071291466,0.662546641203,6.64109646744,-1.15438036957,0.748740539173,0.859146567718,0.978574074897,58.0
15.0,47.9484306952,6.36635027483,9.2093799807,0.721932227188,7.50469873653,5.7101661745,0.691511689503,0.886945533716,0.981094536874,57.0
15.0,43.9625632566,6.47350914727,9.41025179878,0.72517909581,7.63130858838,1.84599570105,0.688024554988,0.894252272723,1.0,56.0
15.0,29.9818656801,5.67208811064,8.12491993416,0.712682872196,6.63962962808,1.8940497396,0.697463893204,0.970526315789,0.987557840617,55.0
15.0,35.9878441517,5.26025683754,9.14200452769,0.81779959139,6.69979163802,-1.99053787413,0.575307950977,0.889193862789,0.944831368528,54.0
15.0,23.9987144599,6.51760641903,5.33361790696,0.658201371966,5.66921937322,-23.8027908582,0.743711922286,0.926138482804,0.838657423826,53.0
15.0,32.0078027091,5.67187329973,7.36030252968,0.63087754985,6.17416725784,24.0096437892,0.772465861083,0.920565985833,0.84086089804,52.0
15.0,26.0138406248,6.23911658505,6.19398136834,0.587242364104,5.57661903988,-39.1596051868,0.801784956589,0.773668466037,0.753570025156,51.0
15.0,42.0346183247,6.79129882009,8.59522819147,0.609056465243,7.17260715977,7.39413320316,0.79075713596,0.838875956102,0.874991546474,50.0
15.0,34.0384262323,5.94371057466,7.58341974236,0.620896599118,6.55458657974,20.2038851342,0.783868361853,0.963570440342,0.948542271903,49.0
15.0,32.0456363494,5.66784831687,7.46410380837,0.649026933879,6.28656009308,27.5829906355,0.759738976633,0.940643593717,0.813670344412,48.0
15.0,30.0511241774,7.17177696998,5.86039473925,0.654349521337,6.08387279669,47.0820387596,0.755361588313,0.877747648997,0.818387019805,47.0
15.0,34.0664855652,6.13570346378,7.32954903183,0.54702109192,6.48204481443,37.1196881729,0.837118823701,0.936170212766,0.847727272727,46.0
15.0,36.0777475069,6.06182187866,7.60934689439,0.604105734613,6.57143163563,39.0630998338,0.79672585506,0.944314032342,0.811042045554,45.0
15.0,28.0650528228,5.91515971329,6.46016420188,0.485743465953,5.8404717897,39.7959538956,0.873684438268,0.82248101361,0.87168920304,44.0
15.0,16.0390708531,4.84271163416,6.06385737386,0.601836949146,4.37019372237,-32.1450231096,0.798618987154,0.645161290323,0.693407100046,43.0
15.0,32.0797867881,6.11853552775,7.10536352822,0.496292715375,6.41984203338,11.8308636885,0.863696945316,0.910497060707,0.988159397105,42.0
15.0,28.0690405301,5.83517179246,6.70709177517,0.492861190992,5.89917310752,10.8879828597,0.870057788916,0.874735449735,0.885489194297,41.0
15.0,32.0751008283,5.40075898707,7.98197171959,0.733868618699,6.36713801404,-1.20215360054e-15,0.677037868843,0.869101229896,1.0,40.0
15.0,42.0892214736,6.09295242144,8.73453291018,0.716367541402,7.19541426819,5.82747518518,0.697657343907,0.912926218455,1.0,39.0
16.0,30.0542249861,6.80077247389,5.89265035064,0.49923950331,6.05444083366,69.8671296345,0.866462838703,0.877992523662,0.934288939463,38.0
16.0,28.0385240321,5.46681184932,6.48374337897,0.645173557739,5.55771687737,-37.9020146988,0.739340165583,0.834969135802,0.870401016738,37.0
16.0,2.00158609121,0.0,2.2360679775,1.0,1.1283791671,0.0,0.0,1.0,1.0,36.0
16.0,28.0035154355,5.74840335393,6.45175086017,0.407575721649,5.80491408101,0.522475217831,0.893845978098,0.892925991116,0.97723132969,35.0
16.0,27.9841406616,5.99699624512,6.37333744917,0.338543655168,5.94410610323,-3.46640536999e-14,0.940950686033,0.90243902439,1.0,34.0
16.0,27.9654599098,5.99699624512,6.37333744917,0.338543655168,5.94410610323,-3.46640536999e-14,0.940950686033,0.90243902439,1.0,33.0
16.0,17.9667970819,4.59740148892,5.4633220776,0.540056858649,4.88396008706,30.731705879,0.841135002104,0.957159221077,0.904371584699,32.0
16.0,15.961836187,4.27616848734,5.28878398032,0.581128252547,4.57147518199,-9.72232343807,0.80959702749,0.925084175084,0.901121394627,31.0
16.0,7.97717204798,3.0377241852,5.676662109,0.841154691159,3.59296092936,-24.0491621505,0.540076480761,0.791412291412,0.587054364306,30.0
16.0,31.8958586652,5.55502706281,8.37373585141,0.748276525313,6.55529058355,0.570806312086,0.663386947163,0.84375,1.0,29.0
16.0,31.8854686191,5.27751353141,8.46463834122,0.779865156352,6.44415147601,-0.0951343853477,0.623901768694,0.852215296496,1.0,28.0
16.0,37.8534330199,5.97930312924,8.68294832982,0.724765242211,6.90180713052,10.7806707829,0.688550531667,0.854691336638,0.935242180399,27.0
16.0,25.8931385368,6.63768953338,5.89130864645,0.460703479931,5.78122288528,69.6964593409,0.887554113043,0.801526717557,0.836566240198,26.0
16.0,25.8874950208,6.63022106029,5.9152052433,0.451035357407,5.79940443463,67.5860097753,0.892184149825,0.806615776081,0.828820410943,25.0
16.0,25.8826272239,6.21898774008,6.16935946223,0.464242637626,5.79568579883,49.9336074016,0.868719322657,0.844744768136,0.802790827379,24.0
16.0,27.8650774859,5.72682760784,6.81288456342,0.537696710611,6.00194485096,24.5354853483,0.840832938303,0.920347826087,0.860557044144,22.0
16.0,23.8813610212,6.24232329408,5.43492831329,0.566502769581,5.68638943869,-70.786867343,0.823551696926,0.986666666667,0.978325859492,21.0
16.0,23.8787176336,6.32455532034,5.16397779494,0.57735026919,5.61361547776,-90.0,0.816496580928,1.0,1.0,20.0
16.0,17.9072761,6.32005677584,4.38984617246,0.718786846514,4.9037297548,62.5389338975,0.693938836356,0.896181085836,0.743902791487,19.0
16.0,21.8847461387,6.14202940093,5.10429899103,0.556206117438,5.49903984232,78.9578752291,0.831044376026,0.989583333333,0.958603311735,18.0
16.0,7.95765959188,,,,,,,,,17.0
17.0,27.0393087755,7.41769531787,6.29198204483,0.511826402512,6.42200073698,10.963074799,0.848400996689,0.820150545425,0.840720185463,382.0
17.0,35.1009842337,6.73851812801,7.67112467935,0.477877735752,7.04672563995,1.94194336716e-15,0.878426359846,0.906976744186,1.0,381.0
17.0,33.4715854939,5.84789343208,7.73192141034,0.654188894246,6.62772693262,-1.15306171739e-15,0.756331204332,0.92,1.0,380.0
17.0,33.7142791308,6.0315179864,7.73421734206,0.617540731523,6.62703070622,-6.44694293745e-17,0.780640881403,0.921198074523,1.0,379.0
17.0,33.896404274,6.35406534952,7.65328637315,0.557405914401,6.67558117812,-2.59418955466,0.830240113817,0.886075949367,1.0,378.0
17.0,32.0141185084,6.08803740833,7.65374533555,0.606048108172,6.60256981273,-17.4959176877,0.795427547112,0.883577614923,0.94405811481,377.0
17.0,30.0622527399,5.30385026369,7.73613859975,0.727984105008,6.28254931431,-11.1262911945,0.685594007308,0.911764705882,1.0,376.0
17.0,30.0593570349,5.30385026369,7.73613859975,0.727984105008,6.28254931431,-11.1262911945,0.685594007308,0.911764705882,1.0,375.0
17.0,32.0122422799,5.55585967327,7.72855824772,0.693448433641,6.40675795786,5.56314559725,0.718906685699,0.927713338857,1.0,374.0
17.0,29.9283256444,5.58356590984,7.8849914404,0.706086286886,6.5309666014,11.3774787034,0.708125804834,0.943661971831,1.0,373.0
17.0,27.833558435,5.28874878243,7.69373435902,0.726269714354,6.28254931431,-2.10305631995e-15,0.687409850099,0.911764705882,1.0,372.0
17.0,27.7241490351,5.0262468995,7.52189785682,0.743967991309,6.02389633252,0.0,0.668215255668,0.876923076923,1.0,371.0
17.0,27.6102853963,5.0262468995,7.52189785682,0.743967991309,6.02389633252,0.0,0.668215255668,0.876923076923,1.0,370.0
17.0,29.4781042966,5.40111025222,7.47946977593,0.688220249093,6.24431736667,-9.99113081639,0.723422904686,0.921266968326,1.0,369.0
17.0,29.409568841,5.62318582203,7.32281853931,0.640570808285,6.33301236847,-14.6475162725,0.767899107679,0.954545454545,0.978313253012,368.0
17.0,29.3775197305,5.34400211505,7.19355880382,0.669416716876,6.10264341769,-14.8172768073,0.742887110648,0.92125984252,0.958979874021,367.0
17.0,29.3877304492,5.26518526654,6.96798866437,0.653879362514,5.83602243156,-2.12081810872,0.755611323683,0.884297520661,1.0,366.0
17.0,31.4076480132,5.56888186689,7.55790092153,0.676078969847,6.25716517287,-27.092827833,0.736829170521,0.93893129771,0.812525416836,365.0
17.0,29.5147570735,5.52296116218,7.53538342264,0.678857128415,6.20560845791,-9.14715810525,0.733487795881,0.899491375498,0.981894538877,364.0
17.0,29.5760971061,5.12246022988,7.82956370815,0.756281863044,6.18038723237,-9.03445768828,0.654245935128,0.9375,1.0,363.0
17.0,29.633228346,5.66553285937,7.87624115366,0.694679521503,6.5309666014,-10.8892249242,0.719319374412,0.943661971831,1.0,362.0
17.0,31.6651940702,5.87798035648,7.86846919439,0.664639134209,6.65062080199,-6.15589119654,0.74712521008,0.958317472402,1.0,361.0
18.0,33.6994055865,5.9480916301,8.01596049308,0.670365506144,6.77027500257,-12.3117823931,0.74203105607,0.972972972973,1.0,360.0
18.0,33.7531872573,5.72473556856,8.58707280374,0.745353871169,6.77027500257,-30.8866253123,0.666669038379,0.9,0.734693877551,359.0
18.0,29.8249527673,5.59175539936,7.85540716963,0.702368148663,6.40675795786,-15.8002091537,0.71181129522,0.927713338857,0.899333035346,358.0
18.0,33.8420960392,6.00105010764,7.73192141034,0.630561161291,6.62772693262,2.48218672487e-16,0.776139563398,0.92,1.0,357.0
18.0,35.8710389831,6.20482535646,7.92335429717,0.621888396214,6.86366251758,-13.8564898883,0.783105882147,0.948717948718,0.988555858311,356.0
18.0,35.9048545274,6.09476784711,7.811478218,0.625489817627,6.74672614861,-6.5857709697,0.780232329531,0.934640522876,1.0,355.0
18.0,37.9308694496,6.91750329612,7.79759380423,0.461513730953,7.18096104723,-4.19141924848e-14,0.887133065635,0.952941176471,1.0,354.0
18.0,43.9514601568,6.80339482144,9.15678352117,0.669302974151,7.7357778279,-12.2753987343,0.742989588616,0.912621359223,0.94538606403,353.0
18.0,45.9776406631,6.70112329272,9.61106337954,0.716847333072,7.89865416967,-15.4378427257,0.697230163624,0.933333333333,0.917578080956,352.0
18.0,46.0019042534,7.23423033254,9.25306887474,0.623504738825,7.9388511426,-11.8416858145,0.781819570401,0.933962264151,0.887159533074,351.0
18.0,48.0234681372,6.95685405702,9.39116906259,0.666133928999,7.86784511131,1.82681287362,0.742569050064,0.915193602694,0.952525252525,350.0
18.0,46.040978425,6.76572501585,9.39182796339,0.693575173473,7.75632441874,-0.599579226765,0.7203842577,0.913043478261,1.0,349.0
18.0,36.0440784185,6.41781002358,7.40525962592,0.498906805854,6.69938011699,28.954516846,0.866655640421,0.921568627451,0.86804392332,348.0
18.0,44.0653003775,6.70931883424,9.04850169728,0.670970597729,7.44217173922,5.58841149743,0.741483955985,0.874371859296,0.978127734033,347.0
18.0,42.0715230582,6.80759110815,8.8083061704,0.634576069853,7.33446458612,5.47564852488,0.772860408852,0.862244897959,0.873402459609,346.0
18.0,40.0755469316,6.66105455482,8.19591921779,0.582643026566,7.11415995766,-7.60873109764,0.812728185554,0.836842105263,0.861395108063,345.0
18.0,44.090107775,6.46077793519,9.12523834445,0.706200436718,7.44217173922,-11.8257785388,0.708011965421,0.874371859296,0.882831181253,344.0
18.0,44.0961643823,6.46077793519,9.12523834445,0.706200436718,7.44217173922,-11.8257785388,0.708011965421,0.874371859296,0.882831181253,343.0
18.0,42.0965686068,6.62030092915,8.99194807425,0.676340812188,7.47399163272,-13.7218208069,0.736383972194,0.87965475652,0.859344018726,342.0
18.0,42.1001271544,6.85062313451,8.47001994678,0.588072274546,7.37773613905,-20.9648652177,0.80880838269,0.872448979592,0.908545727136,341.0
18.0,46.1122932703,6.61965250738,9.35494639511,0.706579297595,7.68416401697,-15.109428674,0.70762576641,0.909323561216,0.893335225587,340.0
18.0,48.1186876686,6.63324958071,9.64822026438,0.726174746437,7.9388511426,2.84826147578e-15,0.687510172752,0.933962264151,1.0,339.0
18.0,40.0992145874,6.21806323406,8.98179610523,0.721613458583,7.20309040954,-5.37230425681,0.69229619123,0.844559585492,0.973262032086,338.0
18.0,40.0986459052,6.21806323406,8.98179610523,0.721613458583,7.20309040954,-5.37230425681,0.69229619123,0.844559585492,0.973262032086,337.0
18.0,42.102004781,6.24659446994,8.74602902848,0.699920619907,7.20309040954,-3.06971080762,0.714220642259,0.871657754011,1.0,336.0
19.0,38.090077167,6.38018157778,8.06607596629,0.611835068082,6.89827009475,-11.6437301556,0.790982363698,0.835206167868,0.907609289345,335.0
19.0,36.0827730352,7.27383382667,6.6937188306,0.391339629527,6.79374223066,-45.2959665406,0.920246322656,0.935483870968,0.927417617919,334.0
19.0,38.0841144794,7.00699930182,7.20950289196,0.235346325178,6.97863973752,-8.13352103157e-14,0.971911573769,0.962264150943,1.0,333.0
19.0,38.0803677566,6.48521809494,7.31324913617,0.462198321205,6.77027500257,12.628364502,0.886776585097,0.96644295302,1.0,332.0
19.0,36.0721795136,6.39471593239,7.34896587977,0.492783760431,6.77027500257,12.0308733984,0.870151805983,0.972972972973,1.0,331.0
19.0,38.0716336231,6.61080197122,7.35810500583,0.439100169034,6.86366251758,1.15943024761e-14,0.898438112256,0.980132450331,1.0,330.0
19.0,38.0667492245,6.06387999446,7.80501600798,0.623202920475,6.75800817238,-18.1358442079,0.778905042695,0.906786427146,0.931222016125,329.0
19.0,42.0680619702,6.58011798547,8.42706473364,0.624741623824,7.20309040954,-12.9586527683,0.780831546149,0.890710382514,0.892561983471,328.0
19.0,40.0591190717,6.68251349529,7.90617984799,0.53150948176,7.06913181353,-8.55299456481,0.84579671187,0.872187413192,0.911573108391,327.0
19.0,42.0558486261,6.56888214392,8.34842424168,0.617155818115,7.20309040954,-3.03872379673,0.786840959894,0.890710382514,1.0,326.0
19.0,42.0494086334,6.56888214392,8.34842424168,0.617155818115,7.20309040954,-3.03872379673,0.786840959894,0.890710382514,1.0,325.0
19.0,44.0448088785,6.47147258053,8.86084404507,0.683078526875,7.37773613905,-8.42804534359,0.730344936398,0.914438502674,0.944550669216,324.0
19.0,48.040519166,7.19143179833,8.69624335665,0.562263058053,7.75632441874,-18.4513187372,0.8269584352,0.895734597156,0.968057121383,323.0
19.0,42.0279107853,6.70314027078,8.3492415711,0.596188872002,7.33446458612,-3.18940818617,0.802844212099,0.89417989418,1.0,322.0
19.0,46.0226249558,6.37440860792,9.23623199332,0.717744565211,7.59039454833,6.30820779185,0.692215184104,0.923493427047,1.0,321.0
19.0,46.0144616754,6.28122537526,9.81505726216,0.768409808022,7.77681672504,4.94247474617,0.639958097797,0.95,1.0,320.0
19.0,42.0057576733,6.51229193529,9.0248454408,0.691370054047,7.43084623915,9.61646959931,0.721729829966,0.887684006496,0.896860084628,319.0
19.0,43.9984022661,6.5898789782,9.29652545011,0.705355263927,7.69452005197,7.67893973794,0.708853970611,0.902912621359,0.975088967972,318.0
19.0,41.9914492642,6.68283817424,8.97250325025,0.667273115445,7.52722789217,11.3356612046,0.744813123814,0.881188118812,0.887159533074,317.0
19.0,45.983318701,6.58018312868,9.37713283507,0.712407060723,7.75629727647,6.0222299472,0.701745845376,0.913041448842,0.99698535745,316.0
19.0,47.9754485864,6.63324958071,9.64822026438,0.726174746437,7.9388511426,2.17808230501e-15,0.687510172752,0.933962264151,1.0,315.0
19.0,49.9675835601,6.82611016956,9.89060935357,0.723656111044,8.13685789026,7.50759938539,0.690160729794,0.954128440367,1.0,314.0
19.0,49.9614240074,6.82611016956,9.89060935357,0.723656111044,8.13685789026,7.50759938539,0.690160729794,0.954128440367,1.0,313.0
19.0,49.9556756438,6.82611016956,9.89060935357,0.723656111044,8.13685789026,7.50759938539,0.690160729794,0.954128440367,1.0,312.0
20.0,47.9528135221,6.31104339216,9.79644309289,0.76481350172,7.73443666159,1.06695849214,0.644140208617,0.944398130605,1.0,311.0
20.0,47.9493676005,6.91615273183,9.33472551751,0.671608906566,7.81764019045,12.5268035097,0.740905848689,0.872727272727,1.0,310.0
20.0,49.9445834625,7.29782484986,9.16606526601,0.605061703378,7.97884560803,10.5919774377,0.796178582421,0.877192982456,1.0,309.0
20.0,49.9428514828,7.12832487546,9.41405292991,0.65318260619,8.01864059608,-4.26410843592,0.757200424571,0.893805309735,1.0,308.0
20.0,47.9443944188,7.08740166056,9.10487391573,0.627745766645,7.81764019045,-13.302781729,0.77841843019,0.872727272727,0.948786435954,307.0
20.0,49.9422650725,6.77384392682,9.32501266604,0.686077218718,7.78349138673,-0.594969787646,0.726119818162,0.892176286708,1.0,306.0
20.0,45.9479331142,6.16970018226,9.82825746152,0.778414067626,7.69452005197,-5.80751632442,0.627751176281,0.939393939394,1.0,305.0
20.0,45.9498401188,6.16970018226,9.82825746152,0.778414067626,7.69452005197,-5.80751632442,0.627751176281,0.939393939394,1.0,304.0
20.0,45.9525750679,6.4230744138,9.42892142873,0.732088179425,7.65303985733,-6.32134175135,0.681209877751,0.901960784314,1.0,303.0
20.0,47.954492369,6.95774606335,9.24902231672,0.658856921095,7.81764019045,-4.76578581616,0.752268274969,0.872727272727,1.0,302.0
20.0,49.9576328458,7.12832487546,9.41405292991,0.65318260619,8.01864059608,4.26410843592,0.757200424571,0.893805309735,1.0,301.0
20.0,49.9630970008,7.12832487546,9.41405292991,0.65318260619,8.01864059608,4.26410843592,0.757200424571,0.893805309735,1.0,300.0
20.0,49.968853152,6.87951812469,9.66306847807,0.702241016612,8.03846421248,5.67545508402,0.711939291364,0.922727272727,1.0,299.0
20.0,51.9727971181,6.82049972765,9.6839638337,0.709796511204,7.99866885503,-3.30935487548,0.704325103433,0.913613917643,1.0,298.0
20.0,49.9779256616,7.12832487546,9.41405292991,0.65318260619,8.01864059608,-4.26410843592,0.757200424571,0.893805309735,1.0,297.0
20.0,47.981894812,6.95774606335,9.24902231672,0.658856921095,7.81764019045,4.76578581616,0.752268274969,0.872727272727,1.0,296.0
20.0,47.9841798741,6.95774606335,9.24902231672,0.658856921095,7.81764019045,4.76578581616,0.752268274969,0.872727272727,1.0,295.0
20.0,47.9856886678,6.95774606335,9.24902231672,0.658856921095,7.81764019045,4.76578581616,0.752268274969,0.872727272727,1.0,294.0
20.0,45.9870044287,6.16970018226,9.82825746152,0.778414067626,7.69452005197,5.80751632442,0.627751176281,0.939393939394,1.0,293.0
20.0,45.9869736961,6.45088765778,9.54996413934,0.737370837717,7.75632441874,3.27018472666,0.675488155103,0.913043478261,1.0,292.0
20.0,45.9861440336,6.4230744138,9.42892142873,0.732088179425,7.65303985733,6.32134175135,0.681209877751,0.901960784314,1.0,291.0
20.0,45.9846251995,6.4230744138,9.42892142873,0.732088179425,7.65303985733,6.32134175135,0.681209877751,0.901960784314,1.0,290.0
20.0,49.9808553477,6.71918309347,9.89547558597,0.734123766817,8.05823906207,7.31678086036,0.679015680964,0.944444444444,1.0,289.0
20.0,47.9785202541,6.46598767941,10.0141528128,0.763603925805,7.89865416967,4.59063824312,0.645684942132,0.924528301887,1.0,288.0
20.0,49.9735760758,6.60601491272,10.0338241179,0.75051469827,7.98850861201,4.68796493084,0.658997576608,0.927856225931,1.0,287.0
20.0,51.9674260557,7.24125234865,9.71065041557,0.666279511209,8.21472433323,4.82164002901,0.745702093965,0.898305084746,1.0,286.0
20.0,51.9614135773,7.18478861205,9.56235167274,0.659731058699,8.11668246466,0.278765796545,0.751451259268,0.89605519724,1.0,285.0
21.0,49.9561888431,7.12832487546,9.41405292991,0.65318260619,8.01864059608,-4.26410843592,0.757200424571,0.893805309735,1.0,284.0
21.0,49.948501024,6.76148133061,9.70485918932,0.717352005796,7.95887349759,0.943254666949,0.696710915502,0.908675799087,1.0,283.0
21.0,49.9390988555,6.7999852332,9.65107905475,0.709554855288,7.95847149367,-4.08595293652,0.704573746208,0.917022496973,1.0,282.0
21.0,47.9313036986,6.72292304661,9.57180766683,0.711814877321,7.8582515816,-1.7746454644,0.702367126526,0.92380952381,1.0,281.0
21.0,45.9238668591,6.55607795695,9.13505254944,0.696393367618,7.54760579827,-4.63397680457,0.717637090457,0.890374331551,0.989063867017,280.0
21.0,45.9123843052,6.60840284839,9.48584530606,0.717402081569,7.75632441874,11.304497362,0.696659352453,0.913043478261,0.958434132395,279.0
21.0,45.8996260659,6.27354702526,9.55300298583,0.754143713821,7.59039454833,3.76930992446,0.656709417402,0.928205128205,1.0,278.0
21.0,47.8805570155,6.88548619341,9.25915028023,0.665971696382,7.78698230459,9.425685505,0.744211223317,0.896888711607,0.974393217977,277.0
21.0,47.8652285005,6.95110601239,9.10596823914,0.645976666194,7.7357778279,9.60642707349,0.763357155421,0.878504672897,0.947984688133,276.0
21.0,45.8563024507,6.85074936663,9.12312764727,0.660391890604,7.65303985733,6.69516900292,0.75092113489,0.87619047619,0.982578397213,275.0
21.0,49.8282760505,6.79899546175,9.58769763724,0.704935705945,7.90533293611,3.34121172132,0.708944173279,0.908997252747,0.985689123734,274.0
21.0,49.8120480175,7.10130342883,9.59548808762,0.672533223229,8.11727456971,-7.35105873671,0.740066931873,0.903930131004,1.0,273.0
21.0,49.7963112517,7.12832487546,9.41405292991,0.65318260619,8.01864059608,-4.26410843592,0.757200424571,0.893805309735,1.0,272.0
21.0,53.7647476636,7.05916253538,9.98552975245,0.707274310594,8.25338207303,1.83072162716e-15,0.706939212078,0.963963963964,1.0,271.0
21.0,51.7593703818,7.05916253538,9.98552975245,0.707274310594,8.25338207303,1.83072162716e-15,0.706939212078,0.963963963964,1.0,270.0
21.0,55.7264104782,7.24875141054,9.95449351379,0.673482156164,8.34556180152,-0.111093181758,0.730072673887,0.95821812596,1.0,269.0
21.0,55.712739952,7.93955910404,9.72735327867,0.577755911261,8.66724484132,-3.89895348162,0.81620959747,0.944,1.0,268.0
21.0,55.6998941159,7.41631980229,9.68789546704,0.641261944383,8.38674440519,-1.55278585405,0.765808552875,0.924653215637,1.0,267.0
21.0,51.7102003011,7.00542266611,10.0596214662,0.717663270681,8.27264320091,-2.68535326098,0.696390285626,0.934782608696,1.0,266.0
21.0,53.6876311043,7.19268216407,9.98114094312,0.693322698664,8.36828387188,-2.31005233472,0.720627251439,0.948275862069,1.0,265.0
21.0,47.7130445169,7.26929119176,9.40953391054,0.63150896341,8.12574440447,-6.62393090205,0.773628893311,0.901879585508,0.994664959454,264.0
21.0,53.6683290784,7.55015373539,9.83699249902,0.641017056751,8.48162922306,-2.19595550895,0.767526633384,0.941666666667,1.0,263.0
21.0,53.6603436519,7.4794570623,9.99526829294,0.662951501628,8.51899395041,-1.45366675986,0.74836038067,0.954102092636,1.0,262.0
21.0,53.6532005909,7.15233970829,9.98802835288,0.698006677381,8.33015937351,8.76016935233e-15,0.716091250004,0.973214285714,1.0,261.0
21.0,53.6468722173,7.11406186414,9.76714214934,0.685187445687,8.21472433323,4.17748972955,0.728366778672,0.9592760181,0.986361636604,260.0
21.0,55.6280374871,7.3973261547,9.24395429519,0.59947615563,8.16585988937,6.6986049062,0.800166423648,0.943652968037,1.0,259.0
21.0,53.6362000058,7.48924032513,9.32881278365,0.596238384807,8.25338207303,-1.06007224085,0.802807441721,0.963963963964,1.0,258.0
21.0,59.5909193883,8.10831066024,9.4609454505,0.514620088625,8.64854928991,-6.50846823494,0.856989840679,0.971018700367,1.0,257.0
21.0,63.5589527209,7.97781582518,10.7654267827,0.671439973864,9.07977205229,4.97825114231,0.741058946034,0.899305555556,0.934530490086,256.0
22.0,69.5108025341,7.62186712563,11.2594408827,0.736046272107,9.11476166962,-0.382383520141,0.676931226431,0.909407665505,1.0,255.0
22.0,63.5448677157,8.16166401173,10.537847899,0.629713570871,9.05340269453,5.92860177631,0.775213762435,0.877528155114,0.939620710088,254.0
22.0,65.5209551275,8.35918167734,10.0841561471,0.559334406006,8.97398468934,2.75491327579,0.828942110317,0.857627118644,1.0,253.0
22.0,65.5097665369,8.32643541324,10.5999572337,0.618841418823,9.20165364078,5.42163923241,0.785515944045,0.875,1.0,252.0
22.0,69.4656057767,7.78733143969,11.1125593298,0.713150379466,9.11461113557,4.46943031309,0.700895391809,0.890773532153,1.0,251.0
22.0,67.4651449412,8.31645170341,10.9041721052,0.646769775842,9.30485298336,-0.300638957969,0.762685293589,0.87459807074,1.0,250.0
22.0,69.432635669,8.37229070833,10.9309213872,0.642916982779,9.36433847742,1.54369403137,0.765919349619,0.89467608455,1.0,249.0
22.0,73.3807056959,8.04197049756,11.6227918588,0.721980085494,9.54131162098,6.73227076525,0.691913835784,0.916666666667,1.0,248.0
22.0,73.3592956201,8.19073944934,11.6779398762,0.712781993421,9.6738361852,7.8853911092,0.701385649878,0.927444794953,0.986832986833,247.0
22.0,71.3537649074,8.50779788304,11.2352642901,0.65250012089,9.64064967477,-3.03297064096,0.757295828127,0.896172393008,1.0,246.0
22.0,69.3454891195,8.53026151279,11.077709048,0.637997523529,9.57461472963,-1.37045172657,0.770038414607,0.888888888889,1.0,245.0
22.0,69.3165224756,8.31894904274,11.1480030062,0.665539557653,9.45740605031,-0.686543784141,0.746293951767,0.883668948056,1.0,244.0
22.0,75.2254896018,8.49291142806,11.6096229208,0.681797796837,9.77205023806,9.97635794449,0.731540678451,0.914634146341,0.982857142857,243.0
22.0,71.232340647,8.86579859425,11.5366310068,0.639860440811,9.94959168022,14.0871458027,0.768491129608,0.922848664688,0.951749539595,242.0
22.0,75.1501212899,8.26174811881,11.6296117391,0.703149888885,9.69747959945,5.96838095371,0.710733269006,0.937903225806,1.0,241.0
22.0,77.0827696304,8.57235963149,11.5958766821,0.673420888754,9.83698151873,15.8323786377,0.73925929591,0.926829268293,0.927835051546,240.0
22.0,77.0290327532,8.69091544102,11.7761378048,0.67468233219,9.91671669468,13.5309404565,0.73794516425,0.895823521496,0.963059257868,239.0
22.0,69.0746740874,8.34067513454,10.9574727616,0.648533603963,9.21893375674,5.06389809555,0.761186024919,0.875409836066,1.0,238.0
22.0,69.0183628332,8.78340027934,10.9928516062,0.601317504453,9.4575408018,5.29107751296,0.799010174427,0.861963190184,1.0,237.0
22.0,68.9555846986,8.89919310299,10.8100690959,0.565745906335,9.61590693269,15.6099675549,0.82369168567,0.883020995047,0.946801866343,236.0
22.0,66.9173706304,8.61082651993,10.3950529783,0.560198918784,9.20165364078,-2.15288124309,0.828358117841,0.844444444444,1.0,235.0
22.0,66.8372059568,8.93390025431,10.7576287194,0.556655676456,9.54125329626,2.52626963704,0.830507454511,0.864154250657,0.995702005731,234.0
22.0,68.722916983,8.59397574873,10.4774847374,0.572029976343,9.23618154311,-5.99902312925,0.82023271464,0.87012987013,0.932907348243,233.0
22.0,70.6174708895,8.41747227106,11.037821683,0.64686719644,9.44069743883,0.0495431386591,0.762602668609,0.894568690096,1.0,232.0
22.0,68.5976648287,8.59561738705,11.0998414917,0.619639267298,9.53267160183,13.4708588049,0.777077977952,0.886642742068,0.943207375681,231.0
22.0,70.508111735,9.45491121507,9.70436536951,0.225277482753,9.40692023773,-11.2158351238,0.974294645251,0.93288590604,1.0,230.0
22.0,70.4680191718,9.23123024719,10.6284561525,0.475876349303,9.58283247182,-5.6290290905,0.870297935257,0.88089954687,0.952231148969,229.0
22.0,80.2254197838,8.95865345303,11.9115498509,0.659051225948,10.1397284597,-1.57257064485,0.752098053167,0.915014164306,1.0,228.0
22.0,74.3438895434,8.91519452453,11.2968387605,0.614167054896,9.78832343874,-1.08980949566,0.789176044163,0.893175074184,1.0,227.0
22.0,64.5642090571,8.63576216715,10.1984872761,0.532054701365,9.12794404361,-32.2103275476,0.846702676317,0.876372641298,0.887023113032,226.0
23.0,74.3656365755,9.0232476672,11.2599294149,0.598183486841,9.7557498927,-11.717929105,0.801359167958,0.879411764706,0.973262032086,225.0
23.0,76.3582826807,9.20905632761,11.3420709071,0.578566065667,9.99746489175,-5.47039306109,0.81285074452,0.899831670567,0.98908214387,224.0
23.0,80.324405815,8.95725874608,11.8672423825,0.655968166272,10.1082873656,1.19868210055,0.754788556377,0.922413793103,1.0,223.0
23.0,82.3491878707,8.69915243577,11.7097070692,0.669401364946,9.91754782347,-5.71683288849,0.742900944008,0.911504424779,1.0,222.0
23.0,66.7323170101,9.21177776863,10.9167785856,0.532010975734,9.56620940081,4.06479376443,0.844037895943,0.840716099847,0.880293358916,221.0
23.0,74.671422673,8.33664595887,11.6362044958,0.697648394165,9.6738361852,7.42372314762,0.716440310228,0.913043478261,0.948301329394,220.0
23.0,72.7953987494,9.29567396563,10.5462435763,0.471547715844,9.4677753076,-8.221100456,0.880946289954,0.828645833333,0.962534617927,219.0
23.0,68.950876418,9.3315889879,11.17230848,0.549881486205,9.78832343874,32.3779737997,0.835242689958,0.85269121813,0.872324011572,218.0
23.0,80.8900157757,8.49074878578,12.263969585,0.721578305316,9.78832343874,10.3818793192,0.692332831301,0.824657534247,0.796126668411,217.0
23.0,73.1071175841,8.37112682088,11.9665036201,0.711586016057,9.62963651894,17.060502596,0.701202082715,0.84768279251,0.800720665686,216.0
23.0,79.1346624159,8.3928224666,13.198502555,0.771778036334,10.2023199706,6.91497782084,0.635892021206,0.858267716535,0.975323149236,215.0
23.0,85.1609507742,8.47450105671,13.209163453,0.766760065207,10.2176111181,6.21876942479,0.641622144599,0.856011085236,0.928446347791,214.0
23.0,85.2378715526,9.21237187235,12.77333598,0.692707179444,10.4489373125,-1.32604033367,0.721218942864,0.84900990099,1.0,213.0
23.0,85.3024313346,9.14604786289,13.0346003383,0.712497556604,10.5248202071,-1.23741210253,0.701674591127,0.857142857143,1.0,212.0
23.0,87.3448620687,8.2169663913,14.1769401775,0.811198214821,10.469108431,2.93969930416,0.580677285824,0.894703060604,1.0,211.0
23.0,73.4895967746,7.86997678431,12.3265444585,0.769656943614,9.62435332266,4.305599768,0.638457664334,0.89263803681,1.0,210.0
23.0,69.5464270866,7.30578226267,12.3124870244,0.804065754629,9.24093827611,4.80222505148,0.593208611844,0.900428700361,1.0,209.0
23.0,73.5458018772,6.84552593531,14.5937241195,0.883159252191,9.6408758298,6.87904349366,0.469073272816,0.887537993921,1.0,208.0
23.0,75.554565317,7.07123056328,14.4210010201,0.871529789217,9.78832343874,7.42153805412,0.490342560367,0.890532544379,1.0,207.0
23.0,75.5713528748,7.40747509848,14.1896844013,0.852828480079,10.0447975442,7.9028227854,0.52209079237,0.900568181818,0.956623451183,206.0
23.0,81.5516276494,7.36359050192,14.0535587529,0.851739025257,9.99746489175,5.55539186419,0.523966251637,0.926253687316,0.925373134328,205.0
23.0,81.5627789445,7.44409305591,14.8054459111,0.863107365907,10.2484362252,6.64361442427,0.50345822155,0.953385021115,0.96139592341,204.0
23.0,79.5807833489,6.96982105048,14.9875445448,0.885289201814,10.060941497,2.31364456435,0.465040889763,0.963636363636,1.0,203.0
23.0,77.5948974588,7.21611857081,14.7571731671,0.872289068479,10.1082873656,1.9274610637,0.488990573541,0.906779661017,1.0,202.0
23.0,77.595657466,7.2211180867,14.6677328792,0.870398138026,10.0687703896,2.34909287363,0.492333555805,0.903532280651,1.0,201.0
23.0,73.6143075939,7.00280820376,14.3533882143,0.872907704183,9.70668461991,4.88688486114,0.487885375859,0.873156342183,0.945054945055,200.0
23.0,71.6197918086,6.97215865826,14.5807342827,0.878263979187,9.86928696372,2.0728500511,0.478176100263,0.916167664671,1.0,199.0
23.0,59.6763847893,6.09036391169,14.4361462568,0.906345216302,8.95623198216,6.2880582381,0.422041464905,0.84610444482,0.997380370241,198.0
23.0,57.6777506952,6.36434333522,13.9337091496,0.889590613684,8.86693531539,9.12265270071,0.456758732862,0.815181518152,1.0,197.0
23.0,53.6875499318,6.51475282614,11.9886401693,0.839403119296,8.62081530511,4.47906025421,0.543481126138,0.914037830712,0.93400621118,196.0
23.0,61.6255745953,6.75610208505,12.1273435103,0.830447683748,8.92062058076,1.57562745543,0.557096620486,0.93984962406,1.0,195.0
23.0,55.6482575116,6.91449692092,11.0877408336,0.781730514378,8.36828387188,8.88606824597,0.623616390812,0.866141732283,0.835222319093,194.0
23.0,57.6214350201,6.81720408368,11.6507267585,0.810867460726,8.64884296447,9.86928436107,0.585166878388,0.900411039342,0.888863113603,193.0
23.0,61.5799465144,7.03438751162,11.8773189733,0.805751459729,8.90276146259,8.53794642861,0.592253818176,0.936090225564,0.932533733133,192.0
23.0,63.5504764686,7.13656228368,12.2781520693,0.813633774825,9.21878826852,7.36913404593,0.581233073964,0.972646918299,1.0,191.0
23.0,63.5346039465,7.10273868668,12.2344873298,0.81422418705,9.18434101276,8.11824179311,0.580550577661,0.970695970696,1.0,190.0
23.0,61.5328254523,7.70083077229,11.7073870639,0.753214160925,9.27058084856,16.8117868515,0.657775362706,0.906040268456,0.901697444507,189.0
24.0,65.4855444749,7.52952806966,11.5937014511,0.758916298115,9.13220620552,10.0630117372,0.649938653662,0.911527663488,0.954545454545,188.0
24.0,65.4698666381,7.87423960089,12.1469368503,0.761428421442,9.60780240187,7.00798099102,0.648248994616,0.957095709571,1.0,187.0
24.0,71.4049752505,7.06786787214,12.0577929415,0.810238956917,9.02365550869,4.71372879487,0.586057028748,0.927536231884,1.0,186.0
24.0,63.4566714743,6.56507514305,12.211570011,0.843192946003,8.70389297451,3.09684925343,0.537611063699,0.904942965779,1.0,185.0
24.0,59.4775677255,6.70337449594,12.1002695134,0.832526280209,8.77673016883,3.72413228387,0.553985552845,0.899628252788,1.0,184.0
24.0,59.464149004,6.57014040224,11.4493301247,0.818249405506,8.46031345717,3.53470083939,0.573815161596,0.907235984355,0.997142857143,183.0
24.0,55.4879334297,6.41697304911,11.8611758389,0.841018420215,8.51907589178,0.541830269258,0.541006485043,0.930612244898,1.0,182.0
24.0,55.4773942177,6.32450381044,11.9043842902,0.847195401293,8.49013205091,1.81731139304,0.531224458145,0.936085470085,1.0,181.0
24.0,57.4484561414,5.78931697045,12.8955399768,0.893562166923,8.38728113554,7.6895533773,0.448939476816,0.917012448133,0.987930732902,180.0
24.0,57.438869103,5.79026408437,13.4853908882,0.903127201107,8.5377376357,7.99624019748,0.429373099555,0.88416988417,0.93110367893,179.0
24.0,57.430011969,5.89414262659,13.2089795967,0.894751336439,8.5360884232,3.35386722235,0.446180789841,0.85637254902,0.975776812563,178.0
24.0,53.4617942396,5.06813347367,13.789551423,0.930009956926,8.03846421248,5.12579513532,0.367534324953,0.845833333333,0.9478290138,177.0
24.0,45.5353846594,5.59407833256,12.3962864045,0.890844641753,7.88378044611,10.5009394892,0.450555241719,0.836782629603,0.937362815092,176.0
24.0,61.3665288011,6.75314464799,13.2035959746,0.85930557828,8.95623198216,9.6736487823,0.511462533463,0.865979381443,0.948530660778,175.0
24.0,61.3608577732,6.42399500505,13.3962449092,0.877521664731,8.81292302411,12.0812810856,0.479536993284,0.859154929577,0.920568122041,174.0
24.0,57.3979070889,5.99601818301,13.3347914201,0.888379829636,8.20488813242,8.97078268775,0.452128493576,0.77867114094,0.90007213684,173.0
24.0,51.4574160922,5.56506096829,12.8978549011,0.902126413463,8.27264320091,6.16262107446,0.431471823104,0.877551020408,0.916953932936,172.0
24.0,45.5183155906,4.54791832232,12.6059115415,0.932659750064,7.41963919967,4.89876156024,0.360726698255,0.877953871924,0.98125666507,171.0
24.0,41.5590903853,4.50421775368,11.7848128376,0.924077442551,7.18096104723,4.45494730584,0.382205285374,0.910112359551,1.0,170.0
24.0,43.5371730474,4.50421775368,11.7848128376,0.924077442551,7.18096104723,4.45494730584,0.382205285374,0.910112359551,1.0,169.0
24.0,39.5783340477,5.19694232063,11.6306597749,0.893534131969,7.51449231905,3.30101817134,0.447464547956,0.880448717949,1.0,168.0
24.0,43.5345731511,5.17573674081,11.6475213945,0.895846428197,7.42075537326,3.26444092778,0.444363789126,0.869346733668,1.0,167.0
24.0,43.5319023109,4.62769594159,11.5613605275,0.916350500529,7.05727980833,5.72751029394,0.400313143684,0.878361397336,0.962235649547,166.0
24.0,41.5490960027,5.28868611399,11.3191068258,0.884133014655,7.61133360755,5.64332123592,0.467235285907,0.919191919192,0.950239587173,165.0
24.0,43.5206213566,4.84557431163,11.5634192505,0.907966212973,7.33446458612,5.91393883786,0.419043382121,0.89417989418,0.972953479986,164.0
24.0,43.5104440439,5.09156256521,11.2738827511,0.891757259816,7.25791160048,8.76310845591,0.45211347025,0.814803157232,0.951737738368,163.0
24.0,41.5203127716,5.02189930131,11.5788681715,0.901051335572,7.33446458612,6.80388850745,0.43371245159,0.862244897959,1.0,162.0
24.0,37.5514325965,4.8838225047,11.1936273379,0.899580190864,7.03534191296,8.14044151199,0.436528296403,0.842863019334,0.892003226491,161.0
24.0,35.5576665692,5.14740772225,10.9574173585,0.882791674183,6.72309481103,1.70719374993,0.469764685766,0.75935828877,1.0,160.0
24.0,37.5088318204,4.7629370504,10.9688767339,0.900805476201,6.86366251758,-6.83710862102,0.434222862188,0.880952380952,0.86553873553,159.0
24.0,43.3972757696,4.50991483504,11.8292412065,0.924462279783,7.09743240744,1.75786815354,0.381272669714,0.920397503731,1.0,158.0
24.0,39.4183479229,5.34975293161,10.9886578807,0.87348940299,7.44217173922,3.13173783706,0.486843160437,0.90625,1.0,157.0
24.0,43.3236205299,4.8796784109,11.8978181688,0.911907369877,7.43016689401,6.92754125691,0.41033374447,0.912025001383,0.94673902603,156.0
24.0,47.2297008058,6.37585643074,12.2831393582,0.854729395044,8.48162922306,14.2705475346,0.519073849512,0.865900383142,0.898416010623,155.0
24.0,47.205270616,6.53105269221,10.0369218527,0.759332552846,7.9388511426,7.04915868916,0.650702754097,0.942857142857,1.0,154.0
24.0,45.2259027286,6.07827810714,9.94869026877,0.789263508489,7.58897478356,-1.41302520744,0.611548295142,0.933610400682,1.0,153.0
24.0,39.3261233919,5.1655059396,10.0398119764,0.857489023668,7.04672563995,-3.83674408985,0.514502258779,0.939759036145,1.0,152.0
24.0,43.2679314077,5.36995757664,11.0021545719,0.872797576268,7.20309040954,-0.129467999044,0.488082360735,0.810945273632,1.0,151.0
24.0,43.288876707,6.65890437941,10.2172148796,0.752466095898,7.62579196702,7.54169239703,0.655820349869,0.803387462895,0.940384213823,150.0
24.0,43.3203588995,7.06837846811,9.29245769355,0.649153319176,7.63221522047,-5.72534098106,0.760657589328,0.855140186916,1.0,149.0
24.0,43.3587012436,7.04703906263,9.27977469849,0.650194778692,7.5060542134,-7.49250307496,0.759464242685,0.841087633753,0.91001806088,148.0
24.0,45.3771573686,5.85231733523,9.74327562322,0.799510635064,7.35613218011,-5.57006849046,0.600651932835,0.934065934066,1.0,147.0
24.0,35.5541140904,4.91443704215,9.80298206357,0.865261599953,6.72309481103,-8.43902661196,0.501320619611,0.946666666667,0.898502888129,146.0
24.0,39.5529830169,5.69435571658,9.5932598324,0.80302024582,7.08008594233,-6.5500378145,0.594285920005,0.899888965089,0.933559650824,145.0
24.0,29.7024627085,5.57921551043,9.12922528412,0.791524146817,6.30783130505,-2.2473329126,0.61113789361,0.796178343949,0.840828701364,144.0
24.0,25.7694944231,4.82608760111,9.35570751445,0.854620516407,5.75123109916,-12.6104244326,0.517277531561,0.754411764706,0.607823212755,143.0
24.0,25.7850548103,4.62639343783,9.81657736899,0.881981645408,5.78122288528,-19.9081114226,0.471283754401,0.734265734266,0.488080808081,142.0
24.0,27.7670882978,4.92709226067,9.30394496031,0.848266097902,6.154581745,-18.6095560347,0.529570228724,0.809523809524,0.679341368189,141.0
24.0,11.8871412273,3.58218902379,7.21867052747,0.810028603849,4.5376752778,-5.11519731375,0.540961818706,0.791062801932,0.843882544861,140.0
24.0,3.95171304326,1.0,5.16397779494,0.981070843517,2.39365368241,0.0,0.19364916731,1.0,1.0,139.0
24.0,3.93167100436,0.5,4.87327674495,0.990535421759,1.99471140201,0.0,0.0968245836552,1.0,1.0,138.0
24.0,1.94761058914,0.0,2.2360679775,1.0,1.1283791671,0.0,0.0,1.0,1.0,137.0
24.0,5.7699040522,1.93366424514,4.47646293013,0.901891553428,2.76395319577,-12.933178397,0.4319625283,0.857142857143,0.652801848642,136.0
24.0,17.0994210747,3.60056873643,6.70740981508,0.844060038815,4.46661857924,-9.20239006818,0.536020545054,0.78690874343,0.87034147578,135.0
24.0,7.52789664473,2.2360679775,5.16397779494,0.901387818866,3.38513750129,0.0,0.433012701892,1.0,1.0,134.0
24.0,7.49398723119,2.2360679775,5.16397779494,0.901387818866,3.38513750129,0.0,0.433012701892,1.0,1.0,133.0
24.0,7.50468246655,1.63299316186,5.16397779494,0.948683298051,2.93161507142,0.0,0.316227766017,1.0,1.0,132.0
24.0,7.56314132334,2.2360679775,5.16397779494,0.901387818866,3.38513750129,0.0,0.433012701892,1.0,1.0,131.0
24.0,1.91489459328,1.0,2.82842712475,0.935414346693,1.78412411615,0.0,0.353553390593,1.0,1.0,130.0
24.0,1.94260548214,1.0,2.82842712475,0.935414346693,1.78412411615,0.0,0.353553390593,1.0,1.0,129.0
24.0,5.91602718348,1.46086117519,5.05079173033,0.957258396822,2.7057581899,5.02975624642,0.289234095007,0.958333333333,0.859453993933,128.0
24.0,5.98230228975,1.51242374625,4.61667439235,0.944816420011,2.45924537968,9.16471592643,0.327600263244,0.904761904762,0.694736842105,127.0
24.0,26.0433538004,3.96344269522,8.29529370336,0.878471833787,5.49903984232,14.4423957154,0.477794136887,0.811965811966,0.765136393879,126.0
24.0,36.0693961938,4.9753050207,9.67085850992,0.856909391257,6.68748064756,9.384619331,0.514822116825,0.872685185185,0.987940630798,125.0
24.0,33.9836643743,4.70373838488,9.90365880185,0.880013020346,6.57952464248,18.0825779731,0.474949559449,0.860759493671,0.764061147967,124.0
24.0,33.850204149,4.87998962088,9.89464848527,0.869918872872,6.67558117812,19.908079799,0.49319484448,0.843373493976,0.754849549412,123.0
24.0,47.5638871352,5.62449827389,11.0931855702,0.861618830974,7.22394263955,20.4938527336,0.506311546033,0.755181895093,0.684455505023,122.0
24.0,35.4828244275,4.52043958899,10.3826498053,0.900244840976,6.69938011699,27.4571190283,0.435383998668,0.892405063291,0.574874010079,121.0
24.0,33.3345177543,4.58407132784,9.84366600747,0.884949284522,6.50655168753,25.4402169177,0.465687409991,0.863636363636,0.599275362319,120.0
24.0,29.2764127933,4.54979462347,9.28902504304,0.87091792353,6.26954889375,20.7189160941,0.490374196187,0.888514913007,0.660976920362,119.0
24.0,29.1448109892,4.56375143218,9.20690750938,0.868500798386,6.20608541903,18.9612398441,0.495687767856,0.864285714286,0.67307379052,118.0
24.0,29.0304176369,4.50962368915,9.26239193527,0.873385013342,6.15436441836,19.4465282662,0.486927113487,0.856055900621,0.651361503051,117.0
24.0,27.0124088252,4.32768122915,9.09434336538,0.879518244456,5.89031218137,24.3281303901,0.475865167531,0.84496124031,0.514825956167,116.0
24.0,23.0944210463,4.95558116476,7.2190106558,0.727165066567,5.38202560777,21.3172278553,0.686462647174,0.85046728972,0.770408163265,115.0
24.0,17.2898803162,5.03869961309,6.37638556167,0.612678598144,4.9985042737,4.59677628596,0.790038656068,0.802328009187,0.835047697377,114.0
24.0,24.9516523724,5.55545364817,7.21764921255,0.638400904038,6.02389633252,6.88365254156,0.769704024755,0.91935483871,0.958230958231,113.0
24.0,23.0298861954,5.38246978768,6.63574893681,0.584862818526,5.55662298162,36.6847646279,0.811132223195,0.836206896552,0.771822358346,112.0
24.0,19.2071393531,7.06406510664,4.6793710031,0.746390347935,5.18440946507,67.2546754952,0.663022273456,0.82784992785,0.629871181053,111.0
24.0,23.086844591,5.31001856968,6.50198461774,0.577095625919,5.55662298162,30.4605994571,0.816676581362,0.873873873874,0.838836038053,110.0
24.0,15.4342916617,4.36077899493,5.08143836487,0.513352112434,4.40646151205,-5.88477984665e-15,0.858178075145,0.884057971014,1.0,109.0
24.0,15.4933890494,4.40348853582,5.21075699293,0.534645328044,4.58349784424,-17.5501569622,0.845076548722,0.916666666667,0.93359375,108.0
24.0,17.5086566101,4.85569863964,6.11115560768,0.607181609827,4.85334230996,-37.8196838787,0.794563082888,0.732673267327,0.886715566422,107.0
24.0,29.3339070677,5.11312933029,7.30713604369,0.71344825515,5.80220708564,-19.9699194327,0.700460241203,0.836197165433,0.872676656022,106.0
24.0,23.6060577515,8.27797878676,4.39988014863,0.84704810254,5.49903984232,-45.5268600886,0.531516238683,0.785123966942,0.502476064708,105.0
24.0,25.6949064628,5.21950328672,7.34507971464,0.702314635194,5.88807907444,-41.991670576,0.710637907634,0.841104477612,0.729449188094,104.0
24.0,27.6797118622,5.69364660679,6.91984399166,0.568331245697,6.0502592433,-30.5265675556,0.822799851218,0.884615384615,0.870142180095,103.0
24.0,23.4648648789,7.68514645291,5.08214921974,0.750125904103,5.67003514139,-57.0213992806,0.661295038537,0.770992366412,0.649438202247,102.0
24.0,9.35301909555,2.70379521859,5.17299255171,0.85245152563,3.67749315772,-3.44508182766,0.522570130461,0.965633074935,0.994557097118,101.0
24.0,11.5244862461,3.6911181978,5.2116806823,0.705972230088,4.29673985699,-9.69573043902,0.708239514815,0.966666666667,1.0,100.0
24.0,7.72157057748,3.41565025532,5.16397779494,0.75,4.14592979366,0.0,0.661437827766,1.0,1.0,99.0
24.0,3.63856329408,2.42679588123,5.09931608388,0.858659761962,3.46051893772,4.80958354949,0.477956950885,0.990196078431,0.97471162378,98.0
24.0,2.35716188872,1.42786223976,4.53444698108,0.949127424052,2.52313252202,5.98256441887,0.314892256039,0.909090909091,0.804232804233,97.0
24.0,6.21036873582,1.69547230562,4.64502304563,0.932218563348,2.58463080872,20.1586220916,0.36178796133,0.86,0.522127659574,96.0
24.0,1.77240203372,,,,,,,,,95.0
24.0,4.37274676221,0.0,1.0,1.0,0.797884560803,0.0,0.0,1.0,1.0,94.0
24.0,5.41062147693,2.08633676889,5.32184879637,0.920061105372,3.13470283024,15.0482995969,0.391757666358,0.824372759857,0.602320820821,93.0
24.0,5.34313100817,2.13904933794,5.27363126127,0.914045249749,3.19153824321,16.8477052685,0.405612230353,0.842105263158,0.589428723972,92.0
24.0,4.09553688688,2.18271839195,5.39164882443,0.914541308325,3.20475662028,14.9299748466,0.404445408423,0.834918478261,0.580923518608,91.0
24.0,5.69391206682,2.2177324209,5.54955685408,0.916679436704,3.33779058906,21.5336730046,0.399623335559,0.813953488372,0.51071647275,90.0
24.0,1.49778726695,1.25931467472,2.98740616567,0.90410858392,1.89043299139,17.6980806462,0.426700297294,0.916666666667,0.714285714286,89.0
24.0,3.17126956628,1.33274664068,5.46269808267,0.969782217978,2.39365368241,19.6526835916,0.243972231397,0.692307692308,0.0470085470085,88.0
24.0,5.04408998155,1.61573949642,5.41977750836,0.952678140403,2.66263437691,16.3203698458,0.298551381936,0.743212669683,0.343164103419,87.0
24.0,7.11219222543,1.80109999259,5.48087487852,0.94446381966,2.93161507142,20.7816942163,0.328615418617,0.818181818182,0.340490797546,86.0
24.0,7.48192749087,2.02598943188,5.35672795237,0.925718197207,3.14127465716,16.6298423944,0.378213986204,0.837837837838,0.562704471101,85.0
24.0,9.67394173674,2.59769510499,5.04566546061,0.841536024511,3.45425016063,22.0925255766,0.524824692483,0.884700665188,0.636017366227,84.0
24.0,7.87303179406,2.83555618614,5.14876627219,0.834686511215,3.28976232124,27.0159082244,0.55072536531,0.809523809524,0.56,83.0
24.0,5.94441469095,3.15120080063,2.43564968049,0.582088618241,2.76395319577,-22.5,0.783762299942,1.0,0.954545454545,82.0
24.0,1.97843786122,0.0,2.82842712475,1.0,1.26156626101,0.0,0.0,1.0,1.0,81.0
24.0,3.93302428303,2.12467858012,2.27273452713,0.244948974278,2.22092759769,45.0,0.935889894354,1.0,0.951027754097,80.0
24.0,3.89941274676,2.2360679775,2.2360679775,0.0,2.25675833419,45.0,1.0,1.0,0.95652173913,79.0
24.0,3.85852421124,2.2360679775,2.82842712475,0.612372435696,2.52313252202,0.0,0.790569415042,1.0,1.0,78.0
24.0,1.90814774401,1.26989069436,2.87230169992,0.896516926389,1.82348939913,7.16131366737,0.436580579765,0.875,0.773892326293,77.0
24.0,3.77552756883,1.63299316186,2.2360679775,0.683130051064,1.95441004761,0.0,0.73029674334,1.0,1.0,76.0
24.0,1.86864588041,1.0,2.2360679775,0.894427191,1.59576912161,0.0,0.4472135955,1.0,1.0,75.0
24.0,1.8513281222,1.0,2.82842712475,0.935414346693,1.78412411615,0.0,0.353553390593,1.0,1.0,74.0
24.0,3.66983897739,2.2360679775,2.82842712475,0.612372435696,2.52313252202,0.0,0.790569415042,1.0,1.0,73.0
24.0,2.84920244198,,,,,,,,,40.0
24.0,9.48638638883,3.81420341438,4.8052997376,0.608245026251,4.06842894513,38.9831111977,0.793749323175,0.838709677419,0.71828469327,27.0
24.0,15.1496049215,3.59727280134,5.6856730581,0.774222998962,4.38742792404,38.3753137869,0.632570601245,0.889815817985,0.701779857496,26.0
24.0,11.0554035714,3.53332566134,5.34000091488,0.749793980334,4.22200824564,43.2118328125,0.661671358799,0.903225806452,0.706749858196,25.0
24.0,8.63589203489,3.53332566134,5.34000091488,0.749793980334,4.22200824564,43.2118328125,0.661671358799,0.903225806452,0.706749858196,24.0
24.0,9.20421931509,3.7157242417,5.72806051908,0.761054434022,4.47811599108,34.652274633,0.648688020897,0.913043478261,0.721404841006,23.0
24.0,6.73349190128,3.85907210333,4.65535847183,0.559318670661,3.98942280401,20.4282409401,0.828952727633,0.877192982456,0.763048881524,22.0
24.0,7.08094859417,,,,,,,,,1.0
24.0,2.21341035911,3.52253563659,2.12956646916,0.796563414593,2.58544147291,-68.9475182266,0.604554982225,0.84,0.723362658847,0.0
